ticker,company_name,industry,fiscal_year,fiscal_quarter,form_type,filing_date,period_end_date,revenue_millions,cost_of_revenue_millions,gross_profit_millions,operating_income_millions,net_income_millions,eps_basic,eps_diluted,total_assets_millions,current_assets_millions,total_liabilities_millions,current_liabilities_millions,stockholders_equity_millions,operating_cash_flow_millions,investing_cash_flow_millions,financing_cash_flow_millions,net_margin_percent,operating_margin_percent,current_ratio,debt_to_assets_percent
AAPL,Apple Inc.,,2025,,10-Q,2025-01-31,2024-12-28,124300.0,,,42832.0,36330.0,2.41,2.4,344085.0,133240.0,277327.0,144365.0,66758.0,29935.0,,,29.23,34.46,0.92,80.6
AAPL,Apple Inc.,,2025,,10-Q,2025-05-02,2025-03-29,219659.0,,,72421.0,61110.0,4.06,4.05,331233.0,118674.0,264437.0,144571.0,66796.0,53887.0,,,27.82,32.97,0.82,79.83
AAPL,Apple Inc.,,2025,,10-Q,2025-05-02,2024-03-30,210328.0,,,68273.0,57552.0,3.72,3.71,,,,,74194.0,62585.0,,,27.36,32.46,,
AAPL,Apple Inc.,,2024,,10-K,2024-11-01,2024-09-28,391035.0,,,123216.0,93736.0,6.11,6.08,364980.0,152987.0,308030.0,176392.0,56950.0,118254.0,,,23.97,31.51,0.87,84.4
AAPL,Apple Inc.,,2024,,10-Q,2024-02-02,2023-12-30,119575.0,,,40373.0,33916.0,2.19,2.18,353514.0,143692.0,279414.0,133973.0,74100.0,39895.0,,,28.36,33.76,1.07,79.04
AAPL,Apple Inc.,,2024,,10-Q,2024-08-02,2024-06-29,296105.0,,,93625.0,79000.0,5.13,5.11,331612.0,125435.0,264904.0,131624.0,66708.0,91443.0,,,26.68,31.62,0.95,79.88
AAPL,Apple Inc.,,2023,,10-K,2023-11-03,2023-09-30,383285.0,,,114301.0,96995.0,6.16,6.13,352583.0,143566.0,290437.0,145308.0,62146.0,110543.0,,,25.31,29.82,0.99,82.37
AAPL,Apple Inc.,,2023,,10-Q,2023-02-03,2022-12-31,117154.0,,,36016.0,29998.0,1.89,1.88,346747.0,128777.0,290020.0,137286.0,56727.0,34005.0,,,25.61,30.74,0.94,83.64
AAPL,Apple Inc.,,2023,,10-Q,2023-05-05,2023-04-01,211990.0,,,64334.0,54158.0,3.42,3.41,332160.0,112913.0,270002.0,120075.0,62158.0,62565.0,,,25.55,30.35,0.94,81.29
AAPL,Apple Inc.,,2023,,10-Q,2023-08-04,2023-07-01,293787.0,,,87332.0,74039.0,4.69,4.67,335038.0,122659.0,274764.0,124963.0,60274.0,88945.0,,,25.2,29.73,0.98,82.01
AAPL,Apple Inc.,,2022,,10-K,2022-10-28,2021-09-25,365817.0,,,108949.0,94680.0,5.67,5.61,351002.0,134836.0,287912.0,125481.0,63090.0,104038.0,,,25.88,29.78,1.07,82.03
AAPL,Apple Inc.,,2022,,10-K,2022-10-28,2020-09-26,274515.0,,,66288.0,57411.0,3.31,3.28,,,,,65339.0,80674.0,,,20.91,24.15,,
AAPL,Apple Inc.,,2022,,10-K,2022-10-28,2022-09-24,394328.0,,,119437.0,99803.0,6.15,6.11,352755.0,135405.0,302083.0,153982.0,50672.0,122151.0,,,25.31,30.29,0.88,85.64
AAPL,Apple Inc.,,2022,,10-Q,2022-04-29,2021-03-27,201023.0,,,61037.0,52385.0,3.11,3.08,,,,,69178.0,62744.0,,,26.06,30.36,,
AAPL,Apple Inc.,,2022,,10-Q,2022-04-29,2022-03-26,221223.0,,,71467.0,59640.0,3.65,3.62,350662.0,118180.0,283263.0,127508.0,67399.0,75132.0,,,26.96,32.31,0.93,80.78
AAPL,Apple Inc.,,2022,,10-Q,2022-07-29,2022-06-25,304182.0,,,94543.0,79082.0,4.86,4.82,336309.0,112292.0,278202.0,129873.0,58107.0,98024.0,,,26.0,31.08,0.86,82.72
AAPL,Apple Inc.,,2022,,10-Q,2022-01-28,2021-12-25,123945.0,,,41488.0,34630.0,2.11,2.1,381191.0,153154.0,309259.0,147574.0,71932.0,46966.0,,,27.94,33.47,1.04,81.13
AAPL,Apple Inc.,,2021,,10-Q,2021-01-28,2020-12-26,111439.0,,,33534.0,28755.0,1.7,1.68,354054.0,154106.0,287830.0,132507.0,66224.0,38763.0,,,25.8,30.09,1.16,81.3
AAPL,Apple Inc.,,2021,,10-Q,2021-07-28,2021-06-26,282457.0,,,85163.0,74129.0,4.42,4.38,329840.0,114423.0,265560.0,107754.0,64280.0,83838.0,,,26.24,30.15,1.06,80.51
AAPL,Apple Inc.,,2021,,10-Q,2021-07-28,2020-06-27,209817.0,,,51513.0,44738.0,2.56,2.54,,,,,72282.0,60098.0,,,21.32,24.55,,
AAPL,Apple Inc.,,2020,,10-K,2020-10-30,2020-03-28,58313.0,,,,11249.0,0.64,0.64,,,,,,,,,19.29,,,
AAPL,Apple Inc.,,2020,,10-K,2020-10-30,2020-06-27,59685.0,,,,11253.0,0.65,0.65,,,,,,,,,18.85,,,
AAPL,Apple Inc.,,2020,,10-K,2020-10-30,2018-12-29,84310.0,,,,19965.0,1.05,1.05,,,,,,,,,23.68,,,
AAPL,Apple Inc.,,2020,,10-K,2020-10-30,2019-12-28,91819.0,,,,22236.0,1.26,1.25,,,,,,,,,24.22,,,
AAPL,Apple Inc.,,2020,,10-K,2020-10-30,2018-09-29,265595.0,,,70898.0,59531.0,3.0,2.98,,,,,107147.0,77434.0,,,22.41,26.69,,
AAPL,Apple Inc.,,2020,,10-K,2020-10-30,2019-09-28,260174.0,,,63930.0,55256.0,2.99,2.97,338516.0,162819.0,248028.0,105718.0,90488.0,69391.0,,,21.24,24.57,1.54,73.27
AAPL,Apple Inc.,,2020,,10-Q,2020-01-29,2019-12-28,91819.0,,,25569.0,22236.0,5.04,4.99,340618.0,163231.0,251087.0,102161.0,89531.0,30516.0,,,24.22,27.85,1.6,73.72
AAPL,Apple Inc.,,2020,,10-Q,2020-05-01,2019-03-30,142325.0,,,36761.0,31526.0,6.7,6.66,,,,,105860.0,37845.0,,,22.15,25.83,,
AAPL,Apple Inc.,,2020,,10-Q,2020-05-01,2020-03-28,150132.0,,,38422.0,33485.0,7.63,7.56,320400.0,143753.0,241975.0,96094.0,78425.0,43827.0,,,22.3,25.59,1.5,75.52
AAPL,Apple Inc.,,2020,,10-Q,2020-01-29,2018-12-29,84310.0,,,23346.0,19965.0,4.22,4.18,,,,,117892.0,26690.0,,,23.68,27.69,,
AAPL,Apple Inc.,,2019,,10-K,2019-10-31,2018-06-30,53265.0,,,,11519.0,2.36,2.34,,,,,,,,,21.63,,,
AAPL,Apple Inc.,,2019,,10-K,2019-10-31,2017-09-30,229234.0,,,61344.0,48351.0,9.27,9.21,,,,,134047.0,64225.0,,,21.09,26.76,,
AAPL,Apple Inc.,,2019,,10-K,2019-10-31,2019-06-29,53809.0,,,,10044.0,2.2,2.18,,,,,,,,,18.67,,,
AAPL,Apple Inc.,,2019,,10-K,2019-10-31,2019-03-30,58015.0,,,,11561.0,2.47,2.46,,,,,,,,,19.93,,,
AAPL,Apple Inc.,,2019,,10-Q,2019-07-31,2019-06-29,196134.0,,,48305.0,41570.0,8.92,8.86,322239.0,134973.0,225783.0,89704.0,96456.0,49481.0,,,21.19,24.63,1.5,70.07
AAPL,Apple Inc.,,2018,,10-K,2018-11-05,2017-12-30,88293.0,,,,20065.0,3.92,3.89,,,,,,,,,22.73,,,
AAPL,Apple Inc.,,2018,,10-K,2018-11-05,2018-03-31,61137.0,,,,13822.0,2.75,2.73,,,,,,,,,22.61,,,
AAPL,Apple Inc.,,2018,,10-K,2018-11-05,2016-09-24,215639.0,,,60024.0,45687.0,8.35,8.31,,,,,128249.0,66231.0,,,21.19,27.84,,
AAPL,Apple Inc.,,2018,,10-K,2018-11-05,2016-12-31,78351.0,,,,17891.0,3.38,3.36,,,,,,,,,22.83,,,
AAPL,Apple Inc.,,2018,,10-Q,2018-05-02,2018-03-31,149430.0,,,42168.0,33887.0,6.69,6.63,367502.0,130053.0,240624.0,89320.0,126878.0,43423.0,,,22.68,28.22,1.46,65.48
AAPL,Apple Inc.,,2018,,10-Q,2018-08-01,2018-06-30,202695.0,,,54780.0,45406.0,9.07,8.99,349197.0,115761.0,234248.0,88548.0,114949.0,57911.0,,,22.4,27.03,1.31,67.08
AAPL,Apple Inc.,,2018,,10-Q,2018-02-02,2017-12-30,88293.0,,,26274.0,20065.0,3.92,3.89,406794.0,143810.0,266595.0,115788.0,140199.0,28293.0,,,22.73,29.76,1.24,65.54
AAPL,Apple Inc.,,2017,,10-K,2017-11-03,2017-04-01,52896.0,,,,11029.0,2.11,2.1,,,,,,,,,20.85,,,
AAPL,Apple Inc.,,2017,,10-K,2017-11-03,2017-07-01,45408.0,,,,8717.0,1.68,1.67,,,,,,,,,19.2,,,
AAPL,Apple Inc.,,2017,,10-K,2017-11-03,2016-06-25,42358.0,,,,7796.0,1.43,1.42,,,,,,,,,18.41,,,
AAPL,Apple Inc.,,2017,,10-Q,2017-02-01,2016-12-31,78351.0,,,23359.0,17891.0,3.38,3.36,331141.0,103332.0,198751.0,84130.0,132390.0,,,,22.83,29.81,1.23,60.02
AAPL,Apple Inc.,,2017,,10-Q,2017-05-03,2017-04-01,131247.0,,,37456.0,28920.0,5.5,5.46,334532.0,101990.0,200450.0,73342.0,134082.0,39579.0,,,22.03,28.54,1.39,59.92
AAPL,Apple Inc.,,2017,,10-Q,2017-08-02,2017-07-01,176655.0,,,48224.0,37637.0,7.18,7.14,345173.0,112875.0,212748.0,81302.0,132425.0,47942.0,,,21.31,27.3,1.39,61.64
AAPL,Apple Inc.,,2016,,10-K,2016-10-26,2016-03-26,50557.0,,,,10516.0,1.91,1.9,,,,,,,,,20.8,,,
AAPL,Apple Inc.,,2016,,10-K,2016-10-26,2014-12-27,74599.0,,,,18024.0,3.08,3.06,,,,,,,,,24.16,,,
AAPL,Apple Inc.,,2016,,10-K,2016-10-26,2015-12-26,75872.0,,,,18361.0,3.3,3.28,,,,,,,,,24.2,,,
AAPL,Apple Inc.,,2016,,10-Q,2016-07-27,2016-06-25,168787.0,,,48263.0,36673.0,6.66,6.62,305602.0,93761.0,179061.0,71486.0,126541.0,,,,21.73,28.59,1.31,58.59
AAPL,Apple Inc.,,2016,,10-Q,2016-07-27,2015-06-27,182214.0,,,56607.0,42270.0,7.3,7.25,,,,,,,,,23.2,31.07,,
AAPL,Apple Inc.,,2016,,10-Q,2016-01-27,2015-12-26,75872.0,,,24171.0,18361.0,3.3,3.28,293284.0,76219.0,165017.0,76092.0,128267.0,,,,24.2,31.86,1.0,56.27
AAPL,Apple Inc.,,2016,,10-Q,2016-04-27,2016-03-26,126429.0,,,38158.0,28877.0,5.22,5.19,305277.0,87592.0,174820.0,68265.0,130457.0,,,,22.84,30.18,1.28,57.27
AAPL,Apple Inc.,,2016,,10-Q,2016-01-27,2014-12-27,74599.0,,,24246.0,18024.0,3.08,3.06,,,,,,,,,24.16,32.5,,
AAPL,Apple Inc.,,2015,,10-K,2015-10-28,2015-03-28,58010.0,,,,13569.0,2.34,2.33,,,,,,,,,23.39,,,
AAPL,Apple Inc.,,2015,,10-K,2015-10-28,2014-06-28,37432.0,,,,7748.0,1.29,1.28,,,,,,,,,20.7,,,
AAPL,Apple Inc.,,2015,,10-K,2015-10-28,2015-06-27,49605.0,,,,10677.0,1.86,1.85,,,,,,,,,21.52,,,
AAPL,Apple Inc.,,2015,,10-K,2015-10-28,2014-09-27,182795.0,,,52503.0,39510.0,6.49,6.45,231839.0,68531.0,120292.0,63448.0,111547.0,,,,21.61,28.72,1.08,51.89
AAPL,Apple Inc.,,2015,,10-K,2015-10-28,2014-03-29,45646.0,,,,10223.0,1.67,1.66,,,,,,,,,22.4,,,
AAPL,Apple Inc.,,2015,,10-Q,2015-04-28,2015-03-28,132609.0,,,42524.0,31593.0,5.43,5.39,261194.0,67891.0,132188.0,58729.0,129006.0,,,,23.82,32.07,1.16,50.61
AAPL,Apple Inc.,,2014,,10-K,2014-10-27,2012-09-29,156508.0,,,55241.0,41733.0,6.38,6.31,,,,,118210.0,,,,26.67,35.3,,
AAPL,Apple Inc.,,2014,,10-K,2014-10-27,2013-12-28,57594.0,,,,13072.0,2.08,2.07,,,,,,,,,22.7,,,
AAPL,Apple Inc.,,2014,,10-K,2014-10-27,2013-03-30,43603.0,,,,9547.0,1.45,1.44,,,,,,,,,21.9,,,
AAPL,Apple Inc.,,2014,,10-Q,2014-07-23,2014-06-28,140672.0,,,41338.0,31043.0,5.06,5.03,222520.0,67949.0,101580.0,46205.0,120940.0,,,,22.07,29.39,1.47,45.65
AAPL,Apple Inc.,,2014,,10-Q,2014-04-24,2014-03-29,103240.0,,,31056.0,23295.0,26.31,26.16,205989.0,70541.0,85810.0,43208.0,120179.0,,,,22.56,30.08,1.63,41.66
AAPL,Apple Inc.,,2014,,10-Q,2014-04-24,2013-03-30,98115.0,,,29768.0,22625.0,24.09,23.9,,,,,,,,,23.06,30.34,,
AAPL,Apple Inc.,,2014,,10-Q,2014-01-28,2013-12-28,57594.0,,,17463.0,13072.0,14.59,14.5,225184.0,80347.0,95500.0,53769.0,129684.0,22670.0,,,22.7,30.32,1.49,42.41
AAPL,Apple Inc.,,2013,,10-K,2013-10-30,2012-12-29,54512.0,,,,13078.0,13.93,13.81,,,,,,,,,23.99,,,
AAPL,Apple Inc.,,2013,,10-K,2013-10-30,2013-06-29,35323.0,,,,6900.0,7.51,7.47,,,,,,,,,19.53,,,
AAPL,Apple Inc.,,2013,,10-K,2013-10-30,2012-06-30,35023.0,,,,8824.0,9.42,9.32,,,,,,,,,25.19,,,
AAPL,Apple Inc.,,2013,,10-K,2013-10-30,2011-12-31,46333.0,,,,13064.0,14.03,13.87,,,,,,,,,28.2,,,
AAPL,Apple Inc.,,2013,,10-Q,2013-01-24,2012-12-29,54512.0,,,17210.0,13078.0,13.93,13.81,196088.0,72348.0,68742.0,46879.0,127346.0,23426.0,,,23.99,31.57,1.54,35.06
AAPL,Apple Inc.,,2013,,10-Q,2013-07-24,2013-06-29,133438.0,,,38969.0,29525.0,31.67,31.44,199856.0,68219.0,76502.0,36319.0,123354.0,43758.0,,,22.13,29.2,1.88,38.28
AAPL,Apple Inc.,,2013,,10-Q,2013-04-24,2012-03-31,85519.0,,,32724.0,24686.0,26.48,26.17,,,,,,31531.0,,,28.87,38.27,,
AAPL,Apple Inc.,,2012,,10-K,2012-10-31,2012-03-31,39186.0,,,,11622.0,12.45,12.3,,,,,,,,,29.66,,,
AAPL,Apple Inc.,,2012,,10-Q,2012-07-25,2012-06-30,120542.0,,,44297.0,33510.0,35.89,35.48,162896.0,51943.0,51150.0,33060.0,111746.0,41720.0,,,27.8,36.75,1.57,31.4
AAPL,Apple Inc.,,2012,,10-Q,2012-01-25,2011-12-31,46333.0,,,17340.0,13064.0,14.03,13.87,138681.0,54771.0,48627.0,34607.0,90054.0,17554.0,,,28.2,37.42,1.58,35.06
AAPL,Apple Inc.,,2012,,10-Q,2012-01-25,2010-12-25,26741.0,,,7827.0,6004.0,6.53,6.43,,,,,,9773.0,,,22.45,29.27,,
AAPL,Apple Inc.,,2011,,10-K,2011-10-26,2011-03-26,24667.0,,,,5987.0,6.49,6.4,,,,,,,,,24.27,,,
AAPL,Apple Inc.,,2011,,10-K,2011-10-26,2010-03-27,13499.0,,,,3074.0,3.39,3.33,,,,,,,,,22.77,,,
AAPL,Apple Inc.,,2011,,10-K,2011-10-26,2010-12-25,26741.0,,,,6004.0,6.53,6.43,,,,,,,,,22.45,,,
AAPL,Apple Inc.,,2011,,10-K,2011-10-26,2011-06-25,28571.0,,,,7308.0,7.89,7.79,,,,,,,,,25.58,,,
AAPL,Apple Inc.,,2011,,10-K,2011-10-26,2010-09-25,65225.0,,,18385.0,14013.0,15.41,15.15,75183.0,41678.0,27392.0,20722.0,47791.0,18595.0,,,21.48,28.19,2.01,36.43
AAPL,Apple Inc.,,2011,,10-K,2011-10-26,2011-09-24,108249.0,,,33790.0,25922.0,28.05,27.68,116371.0,44988.0,39756.0,27970.0,76615.0,37529.0,,,23.95,31.22,1.61,34.16
AAPL,Apple Inc.,,2011,,10-Q,2011-04-21,2011-03-26,51408.0,,,15701.0,11991.0,13.02,12.83,94904.0,46997.0,33427.0,24327.0,61477.0,15992.0,,,23.33,30.54,1.93,35.22
AAPL,Apple Inc.,,2011,,10-Q,2011-07-20,2011-06-25,79979.0,,,25080.0,19299.0,20.91,20.63,106758.0,46898.0,37415.0,26859.0,69343.0,27100.0,,,24.13,31.36,1.75,35.05
AAPL,Apple Inc.,,2010,,10-K,2010-10-27,2009-03-28,9084.0,,,,1620.0,1.82,1.79,,,,,,,,,17.83,,,
AAPL,Apple Inc.,,2010,,10-K,2010-10-27,2008-12-27,11880.0,,,,2255.0,2.54,2.5,,,,,,,,,18.98,,,
AAPL,Apple Inc.,,2010,,10-K,2010-10-27,2009-12-26,15683.0,,,,3378.0,3.74,3.67,,,,,,,,,21.54,,,
AAPL,Apple Inc.,,2010,,10-K,2010-10-27,2009-06-27,9734.0,,,,1828.0,2.05,2.01,,,,,,,,,18.78,,,
AAPL,Apple Inc.,,2010,,10-K,2010-10-27,2010-06-26,15700.0,,,,3253.0,3.57,3.51,,,,,,,,,20.72,,,
AAPL,Apple Inc.,,2010,,10-Q,2010-04-21,2009-03-28,20964.0,,,5424.0,3875.0,4.35,4.29,,,,,,4779.0,,,18.48,25.87,,
AAPL,Apple Inc.,,2010,,10-Q,2010-07-21,2010-06-26,44882.0,,,12938.0,9705.0,10.69,10.51,64725.0,36033.0,21614.0,15612.0,43111.0,12912.0,,,21.62,28.83,2.31,33.39
AAPL,Apple Inc.,,2010,,10-Q,2010-01-25,2008-12-27,11880.0,,,3101.0,2255.0,2.54,2.5,,,,,,3938.0,,,18.98,26.1,,
AAPL,Apple Inc.,,2010,,10-Q,2010-04-21,2010-03-27,29182.0,,,8704.0,6452.0,7.12,7.0,57057.0,32336.0,17709.0,12229.0,39348.0,8111.0,,,22.11,29.83,2.64,31.04
AAPL,Apple Inc.,,2010,,10-Q,2010-01-25,2009-12-26,15683.0,,,4725.0,3378.0,3.74,3.67,53926.0,33332.0,18158.0,13097.0,35768.0,5781.0,,,21.54,30.13,2.55,33.67
AAPL,Apple Inc.,,2009,,10-K,2009-10-27,2007-09-29,24006.0,,,4409.0,3496.0,4.04,3.93,,,,,14532.0,5470.0,,,14.56,18.37,,
AAPL,Apple Inc.,,2009,,10-Q,2009-07-22,2008-06-28,24584.0,,,4833.0,3698.0,4.2,4.1,,,,,,5301.0,,,15.04,19.66,,
AAPL,Apple Inc.,,2009,,10-Q,2009-07-22,2009-06-27,26667.0,,,5465.0,4039.0,4.53,4.47,48140.0,35170.0,22252.0,16661.0,25888.0,7049.0,,,15.15,20.49,2.11,46.22
AMZN,Amazon.com Inc,,2025,,10-Q,2025-05-02,2025-03-31,155667.0,,,18405.0,65944.0,1.62,1.59,643256.0,184645.0,,176171.0,305867.0,113903.0,,,42.36,11.82,1.05,
AMZN,Amazon.com Inc,,2025,,10-Q,2025-05-02,2024-03-31,143313.0,,,15307.0,37684.0,1.0,0.98,,,,,216661.0,99147.0,,,26.29,10.68,,
AMZN,Amazon.com Inc,,2024,,10-K,2025-02-07,2024-12-31,637959.0,,,68593.0,59248.0,5.66,5.53,624894.0,190867.0,,179431.0,285970.0,115877.0,,,9.29,10.75,1.06,
AMZN,Amazon.com Inc,,2024,,10-Q,2024-08-02,2024-06-30,291290.0,,,29979.0,44419.0,2.3,2.24,554818.0,173307.0,,158172.0,236447.0,107952.0,,,15.25,10.29,1.1,
AMZN,Amazon.com Inc,,2024,,10-Q,2024-11-01,2024-09-30,450167.0,,,47390.0,49868.0,3.76,3.67,584626.0,175792.0,,161477.0,259151.0,112706.0,,,11.08,10.53,1.09,
AMZN,Amazon.com Inc,,2024,,10-Q,2024-08-02,2023-06-30,261741.0,,,12455.0,13072.0,0.97,0.95,,,,,168602.0,61841.0,,,4.99,4.76,,
AMZN,Amazon.com Inc,,2023,,10-K,2024-02-02,2022-12-31,513983.0,,,12248.0,-2722.0,-0.27,-0.27,462675.0,146791.0,,155393.0,146043.0,46752.0,,,-0.53,2.38,0.94,
AMZN,Amazon.com Inc,,2023,,10-K,2024-02-02,2023-12-31,574785.0,,,36852.0,30425.0,2.95,2.9,527854.0,172351.0,,164917.0,201875.0,84946.0,,,5.29,6.41,1.05,
AMZN,Amazon.com Inc,,2023,,10-Q,2023-04-28,2023-03-31,127358.0,,,4774.0,4294.0,0.31,0.31,464378.0,136221.0,,147570.0,154526.0,54330.0,,,3.37,3.75,0.92,
AMZN,Amazon.com Inc,,2023,,10-Q,2023-10-27,2022-09-30,364779.0,,,9511.0,11323.0,-0.29,-0.29,,,,,137489.0,39665.0,,,3.1,2.61,,
AMZN,Amazon.com Inc,,2023,,10-Q,2023-08-04,2022-06-30,237678.0,,,6986.0,11607.0,-0.58,-0.58,,,,,131402.0,35574.0,,,4.88,2.94,,
AMZN,Amazon.com Inc,,2023,,10-Q,2023-10-27,2023-09-30,404824.0,,,23643.0,20079.0,1.93,1.89,486883.0,142995.0,,145214.0,182973.0,71654.0,,,4.96,5.84,0.98,
AMZN,Amazon.com Inc,,2022,,10-K,2023-02-03,2020-12-31,386064.0,,,22899.0,21331.0,2.13,2.09,321195.0,,,,93404.0,66064.0,,,5.53,5.93,,
AMZN,Amazon.com Inc,,2022,,10-Q,2022-07-29,2021-06-30,221598.0,,,16567.0,29438.0,1.57,1.55,,,,,114803.0,59322.0,,,13.28,7.48,,
AMZN,Amazon.com Inc,,2022,,10-Q,2022-04-29,2022-03-31,116444.0,,,3669.0,21413.0,-7.56,-7.56,410767.0,133876.0,,139508.0,134001.0,39324.0,,,18.39,3.15,0.96,
AMZN,Amazon.com Inc,,2021,,10-K,2022-02-04,2021-12-31,469822.0,,,24879.0,33364.0,65.96,64.81,420549.0,161580.0,,142266.0,138245.0,46327.0,,,7.1,5.3,1.14,
AMZN,Amazon.com Inc,,2021,,10-Q,2021-04-30,2021-03-31,108518.0,,,8865.0,26903.0,16.09,15.79,323077.0,121408.0,,115404.0,103320.0,67213.0,,,24.79,8.17,1.05,
AMZN,Amazon.com Inc,,2021,,10-Q,2021-10-29,2021-09-30,332410.0,,,21419.0,26263.0,37.69,37.02,382406.0,138531.0,,123994.0,120564.0,54671.0,,,7.9,6.44,1.12,
AMZN,Amazon.com Inc,,2020,,10-K,2021-02-03,2020-09-30,96145.0,,,6194.0,6331.0,12.63,12.37,,,,,,,,,6.58,6.44,,
AMZN,Amazon.com Inc,,2020,,10-K,2021-02-03,2020-06-30,88912.0,,,5843.0,5243.0,10.5,10.3,,,,,,,,,5.9,6.57,,
AMZN,Amazon.com Inc,,2020,,10-K,2021-02-03,2019-03-31,59700.0,,,4420.0,3561.0,7.24,7.09,,,,,,,,,5.96,7.4,,
AMZN,Amazon.com Inc,,2020,,10-K,2021-02-03,2020-03-31,75452.0,,,3989.0,2535.0,5.09,5.01,,,,,,,,,3.36,5.29,,
AMZN,Amazon.com Inc,,2020,,10-K,2021-02-03,2019-06-30,63404.0,,,3084.0,2625.0,5.32,5.22,,,,,,,,,4.14,4.86,,
AMZN,Amazon.com Inc,,2020,,10-Q,2020-07-31,2020-06-30,164364.0,,,9832.0,13180.0,15.59,15.32,258314.0,110908.0,,93896.0,73728.0,51220.0,,,8.02,5.98,1.18,
AMZN,Amazon.com Inc,,2020,,10-Q,2020-10-30,2020-09-30,260509.0,,,16026.0,17377.0,28.24,27.72,282179.0,112969.0,,101912.0,82775.0,55292.0,,,6.67,6.15,1.11,
AMZN,Amazon.com Inc,,2020,,10-Q,2020-10-30,2019-09-30,193086.0,,,10662.0,11347.0,16.87,16.53,,,,,56508.0,35332.0,,,5.88,5.52,,
AMZN,Amazon.com Inc,,2020,,10-Q,2020-05-01,2019-03-31,59700.0,,,4420.0,12005.0,7.24,7.09,,,,,48410.0,34360.0,,,20.11,7.4,,
AMZN,Amazon.com Inc,,2020,,10-Q,2020-05-01,2020-03-31,75452.0,,,3989.0,10563.0,5.09,5.01,221238.0,85985.0,,79711.0,65272.0,39732.0,,,14.0,5.29,1.08,
AMZN,Amazon.com Inc,,2019,,10-K,2020-01-31,2019-09-30,69981.0,,,3157.0,2134.0,4.31,4.23,,,,,,,,,3.05,4.51,,
AMZN,Amazon.com Inc,,2019,,10-K,2020-01-31,2018-06-30,52886.0,,,2983.0,2534.0,5.21,5.07,,,,,,,,,4.79,5.64,,
AMZN,Amazon.com Inc,,2019,,10-K,2020-01-31,2018-09-30,56576.0,,,3724.0,2883.0,5.91,5.75,,,,,,,,,5.1,6.58,,
AMZN,Amazon.com Inc,,2019,,10-Q,2019-07-26,2019-06-30,123104.0,,,7504.0,12096.0,12.57,12.31,191351.0,76790.0,,69678.0,53061.0,36029.0,,,9.83,6.1,1.1,
AMZN,Amazon.com Inc,,2018,,10-K,2019-02-01,2018-03-31,51042.0,,,1927.0,1629.0,3.36,3.27,,,,,,,,,3.19,3.78,,
AMZN,Amazon.com Inc,,2018,,10-K,2019-02-01,2017-03-31,35714.0,,,1005.0,724.0,1.52,1.48,,,,,,,,,2.03,2.81,,
AMZN,Amazon.com Inc,,2018,,10-K,2019-02-01,2016-12-31,135987.0,,,4186.0,2371.0,5.01,4.9,83402.0,,,,19285.0,17203.0,,,1.74,3.08,,
AMZN,Amazon.com Inc,,2018,,10-K,2019-02-01,2018-12-31,232887.0,,,12421.0,10073.0,20.68,20.14,162648.0,75101.0,,68391.0,43549.0,30723.0,,,4.33,5.33,1.1,
AMZN,Amazon.com Inc,,2018,,10-Q,2018-10-26,2017-09-30,117413.0,,,1979.0,1926.0,2.46,2.39,,,,,,16996.0,,,1.64,1.69,,
AMZN,Amazon.com Inc,,2018,,10-Q,2018-04-27,2017-03-31,35714.0,,,1005.0,2583.0,1.52,1.48,,,,,,17547.0,,,7.23,2.81,,
AMZN,Amazon.com Inc,,2018,,10-Q,2018-10-26,2018-09-30,160504.0,,,8635.0,8902.0,14.49,14.1,143695.0,59885.0,,55324.0,39125.0,26604.0,,,5.55,5.38,1.08,
AMZN,Amazon.com Inc,,2018,,10-Q,2018-04-27,2018-03-31,51042.0,,,1927.0,3938.0,3.36,3.27,126362.0,50829.0,,48045.0,31463.0,18194.0,,,7.72,3.78,1.06,
AMZN,Amazon.com Inc,,2018,,10-Q,2018-07-27,2018-06-30,103928.0,,,4911.0,6275.0,8.58,8.34,134100.0,54481.0,,50801.0,34995.0,21793.0,,,6.04,4.73,1.07,
AMZN,Amazon.com Inc,,2017,,10-K,2018-02-02,2016-03-31,29128.0,,,1071.0,513.0,1.09,1.07,,,,,,,,,1.76,3.68,,
AMZN,Amazon.com Inc,,2017,,10-K,2018-02-02,2017-09-30,43744.0,,,347.0,256.0,0.53,0.52,,,,,,,,,0.59,0.79,,
AMZN,Amazon.com Inc,,2017,,10-K,2018-02-02,2017-06-30,37955.0,,,628.0,197.0,0.41,0.4,,,,,,,,,0.52,1.65,,
AMZN,Amazon.com Inc,,2017,,10-K,2018-02-02,2015-12-31,107006.0,,,2233.0,596.0,1.28,1.25,64747.0,,,,13384.0,12039.0,,,0.56,2.09,,
AMZN,Amazon.com Inc,,2017,,10-K,2018-02-02,2017-12-31,177866.0,,,4106.0,3033.0,6.32,6.15,131310.0,60197.0,,57883.0,27709.0,18434.0,,,1.71,2.31,1.04,
AMZN,Amazon.com Inc,,2017,,10-Q,2017-07-28,2016-06-30,59532.0,,,2356.0,1931.0,2.9,2.84,,,,,,13049.0,,,3.24,3.96,,
AMZN,Amazon.com Inc,,2017,,10-Q,2017-10-27,2016-09-30,92246.0,,,2931.0,2105.0,3.43,3.36,,,,,,15004.0,,,2.28,3.18,,
AMZN,Amazon.com Inc,,2017,,10-Q,2017-07-28,2017-06-30,73669.0,,,1632.0,1922.0,1.93,1.87,87781.0,41007.0,,40520.0,23214.0,17885.0,,,2.61,2.22,1.01,
AMZN,Amazon.com Inc,,2016,,10-K,2017-02-10,2016-09-30,32714.0,,,575.0,252.0,0.53,0.52,,,,,,,,,0.77,1.76,,
AMZN,Amazon.com Inc,,2016,,10-K,2017-02-10,2015-06-30,23185.0,,,464.0,92.0,0.2,0.19,,,,,,,,,0.4,2.0,,
AMZN,Amazon.com Inc,,2016,,10-K,2017-02-10,2016-06-30,30404.0,,,1285.0,857.0,1.81,1.78,,,,,,,,,2.82,4.23,,
AMZN,Amazon.com Inc,,2016,,10-Q,2016-04-29,2016-03-31,29128.0,,,1071.0,1166.0,1.09,1.07,61128.0,30513.0,,28187.0,14756.0,11258.0,,,4.0,3.68,1.08,
AMZN,Amazon.com Inc,,2016,,10-Q,2016-07-29,2015-06-30,45901.0,,,719.0,-188.0,0.07,0.07,,,,,,8980.0,,,-0.41,1.57,,
AMZN,Amazon.com Inc,,2015,,10-K,2016-01-29,2014-03-31,19741.0,,,146.0,108.0,0.23,0.23,,,,,,,,,0.55,0.74,,
AMZN,Amazon.com Inc,,2015,,10-K,2016-01-29,2015-09-30,25358.0,,,406.0,79.0,0.17,0.17,,,,,,,,,0.31,1.6,,
AMZN,Amazon.com Inc,,2015,,10-K,2016-01-29,2014-06-30,19340.0,,,-15.0,-126.0,-0.27,-0.27,,,,,,,,,-0.65,-0.08,,
AMZN,Amazon.com Inc,,2015,,10-K,2016-01-29,2013-12-31,74452.0,,,745.0,274.0,0.6,0.59,40159.0,,,,9746.0,5475.0,,,0.37,1.0,,
AMZN,Amazon.com Inc,,2015,,10-K,2016-01-29,2015-03-31,22717.0,,,255.0,-57.0,-0.12,-0.12,,,,,,,,,-0.25,1.12,,
AMZN,Amazon.com Inc,,2015,,10-Q,2015-04-24,2014-03-31,19741.0,,,146.0,299.0,0.23,0.23,,,,,,5345.0,,,1.51,0.74,,
AMZN,Amazon.com Inc,,2015,,10-Q,2015-10-23,2015-09-30,71259.0,,,1124.0,328.0,0.24,0.24,56230.0,28849.0,,26657.0,12430.0,9823.0,,,0.46,1.58,1.08,
AMZN,Amazon.com Inc,,2015,,10-Q,2015-07-24,2014-06-30,39081.0,,,132.0,181.0,-0.04,-0.04,,,,,,5327.0,,,0.46,0.34,,
AMZN,Amazon.com Inc,,2015,,10-Q,2015-04-24,2015-03-31,22717.0,,,255.0,-405.0,-0.12,-0.12,50075.0,25922.0,,23177.0,10873.0,7845.0,,,-1.78,1.12,1.12,
AMZN,Amazon.com Inc,,2014,,10-K,2015-01-30,2014-09-30,20579.0,,,-544.0,-437.0,-0.95,-0.95,,,,,,,,,-2.12,-2.64,,
AMZN,Amazon.com Inc,,2014,,10-Q,2014-10-24,2014-09-30,59659.0,,,-412.0,-216.0,-0.99,-0.99,40419.0,18572.0,,20842.0,10336.0,5705.0,,,-0.36,-0.69,0.89,
AMZN,Amazon.com Inc,,2014,,10-Q,2014-10-24,2013-09-30,48865.0,,,235.0,132.0,0.08,0.07,,,,,,4977.0,,,0.27,0.48,,
AMZN,Amazon.com Inc,,2013,,10-K,2014-01-31,2013-06-30,15704.0,,,79.0,-7.0,-0.02,-0.02,,,,,,,,,-0.04,0.5,,
AMZN,Amazon.com Inc,,2013,,10-K,2014-01-31,2013-03-31,16070.0,,,181.0,82.0,0.18,0.18,,,,,,,,,0.51,1.13,,
AMZN,Amazon.com Inc,,2013,,10-K,2014-01-31,2013-09-30,17092.0,,,-25.0,-41.0,-0.09,-0.09,,,,,,,,,-0.24,-0.15,,
AMZN,Amazon.com Inc,,2013,,10-K,2014-01-31,2012-06-30,12834.0,,,107.0,7.0,0.02,0.01,,,,,,,,,0.05,0.83,,
AMZN,Amazon.com Inc,,2013,,10-K,2014-01-31,2011-12-31,48077.0,,,862.0,631.0,1.39,1.37,,,,,7757.0,3903.0,,,1.31,1.79,,
AMZN,Amazon.com Inc,,2013,,10-Q,2013-10-25,2012-09-30,39825.0,,,271.0,40.0,-0.3,-0.3,,,,,,3368.0,,,0.1,0.68,,
AMZN,Amazon.com Inc,,2013,,10-Q,2013-04-26,2013-03-31,16070.0,,,181.0,-87.0,0.18,0.18,28377.0,16313.0,,14332.0,8432.0,4245.0,,,-0.54,1.13,1.14,
AMZN,Amazon.com Inc,,2013,,10-Q,2013-07-26,2013-06-30,31774.0,,,260.0,-101.0,0.16,0.16,29623.0,16285.0,,14735.0,8733.0,4532.0,,,-0.32,0.82,1.11,
AMZN,Amazon.com Inc,,2013,,10-Q,2013-04-26,2012-03-31,13185.0,,,192.0,561.0,0.29,0.28,,,,,,3051.0,,,4.25,1.46,,
AMZN,Amazon.com Inc,,2012,,10-K,2013-01-30,2011-03-31,13185.0,,,,130.0,0.29,0.28,,,,,,,,,0.99,,,
AMZN,Amazon.com Inc,,2012,,10-K,2013-01-30,2011-09-30,13806.0,,,,-274.0,-0.6,-0.6,,,,,,,,,-1.98,,,
AMZN,Amazon.com Inc,,2012,,10-K,2013-01-30,2012-09-30,10876.0,,,,63.0,0.14,0.14,,,,,,,,,0.58,,,
AMZN,Amazon.com Inc,,2012,,10-K,2013-01-30,2012-03-31,9857.0,,,,201.0,0.44,0.44,,,,,,,,,2.04,,,
AMZN,Amazon.com Inc,,2012,,10-Q,2012-07-27,2012-06-30,26019.0,,,298.0,377.0,0.3,0.3,21022.0,11793.0,,10964.0,7505.0,3222.0,,,1.45,1.15,1.08,
AMZN,Amazon.com Inc,,2012,,10-Q,2012-07-27,2011-06-30,19770.0,,,523.0,1038.0,0.87,0.85,,,,,,3205.0,,,5.25,2.65,,
AMZN,Amazon.com Inc,,2012,,10-Q,2012-04-27,2011-03-31,9857.0,,,322.0,1054.0,0.44,0.44,,,,,,3033.0,,,10.69,3.27,,
AMZN,Amazon.com Inc,,2012,,10-Q,2012-10-26,2011-09-30,30646.0,,,602.0,871.0,1.0,0.99,,,,,,3114.0,,,2.84,1.96,,
AMZN,Amazon.com Inc,,2011,,10-K,2012-02-01,2011-06-30,9913.0,,,,191.0,0.42,0.41,,,,,,,,,1.93,,,
AMZN,Amazon.com Inc,,2011,,10-K,2012-02-01,2010-03-31,7131.0,,,,299.0,0.67,0.66,,,,,,,,,4.19,,,
AMZN,Amazon.com Inc,,2011,,10-K,2012-02-01,2010-09-30,7560.0,,,,231.0,0.51,0.51,,,,,,,,,3.06,,,
AMZN,Amazon.com Inc,,2011,,10-Q,2011-07-27,2010-06-30,13697.0,,,665.0,1088.0,1.13,1.11,,,,,,2561.0,,,7.94,4.86,,
AMZN,Amazon.com Inc,,2010,,10-K,2011-01-28,2009-03-31,4889.0,,,,177.0,0.41,0.41,,,,,,,,,3.62,,,
AMZN,Amazon.com Inc,,2010,,10-K,2011-01-28,2009-09-30,5449.0,,,,199.0,0.46,0.45,,,,,,,,,3.65,,,
AMZN,Amazon.com Inc,,2010,,10-K,2011-01-28,2008-12-31,19166.0,,,842.0,645.0,1.52,1.49,,,,,2672.0,1697.0,,,3.37,4.39,,
AMZN,Amazon.com Inc,,2010,,10-K,2011-01-28,2009-06-30,4651.0,,,,142.0,0.33,0.32,,,,,,,,,3.05,,,
AMZN,Amazon.com Inc,,2010,,10-K,2011-01-28,2010-06-30,6566.0,,,,207.0,0.46,0.45,,,,,,,,,3.15,,,
AMZN,Amazon.com Inc,,2010,,10-Q,2010-04-23,2009-03-31,4889.0,,,244.0,679.0,0.41,0.41,,,,,,1757.0,,,13.89,4.99,,
AMZN,Amazon.com Inc,,2010,,10-Q,2010-04-23,2010-03-31,7131.0,,,394.0,1024.0,0.67,0.66,12042.0,7964.0,,5193.0,5618.0,2780.0,,,14.36,5.53,1.53,
AMZN,Amazon.com Inc,,2010,,10-Q,2010-07-23,2009-06-30,9541.0,,,402.0,663.0,0.74,0.73,,,,,,1878.0,,,6.95,4.21,,
AMZN,Amazon.com Inc,,2010,,10-Q,2010-10-22,2010-09-30,21257.0,,,932.0,1120.0,1.65,1.62,14162.0,9559.0,,6375.0,6397.0,2617.0,,,5.27,4.38,1.5,
AMZN,Amazon.com Inc,,2009,,10-K,2010-01-29,2007-12-31,14835.0,,,655.0,476.0,1.15,1.12,,,,,1197.0,1405.0,,,3.21,4.42,,
AMZN,Amazon.com Inc,,2009,,10-Q,2009-10-23,2008-09-30,12463.0,,,569.0,627.0,1.0,0.97,,,,,,1275.0,,,5.03,4.57,,
AMZN,Amazon.com Inc,,2009,,10-Q,2009-07-24,2008-06-30,8198.0,,,415.0,588.0,0.72,0.7,,,,,,1088.0,,,7.17,5.06,,
AMZN,Amazon.com Inc,,2009,,10-Q,2009-10-23,2009-09-30,14989.0,,,653.0,743.0,1.2,1.18,8972.0,6369.0,,4537.0,3585.0,2253.0,,,4.96,4.36,1.4,
GOOGL,Alphabet Inc.,,2025,,10-Q,2025-04-25,2025-03-31,90234.0,,,30606.0,34540.0,2.84,2.81,475374.0,162052.0,130107.0,91654.0,345267.0,36150.0,,,38.28,33.92,1.77,27.37
GOOGL,Alphabet Inc.,,2025,,10-Q,2025-04-25,2024-03-31,80539.0,,,25472.0,23662.0,1.91,1.89,,,,,292844.0,28848.0,,,29.38,31.63,,
GOOGL,Alphabet Inc.,,2024,,10-K,2025-02-05,2024-12-31,350018.0,,,112390.0,100118.0,8.13,8.04,450256.0,163711.0,125172.0,89122.0,325084.0,125299.0,,,28.6,32.11,1.84,27.8
GOOGL,Alphabet Inc.,,2024,,10-Q,2024-07-24,2024-06-30,165281.0,,,52897.0,47281.0,3.82,3.78,414770.0,161995.0,114017.0,77913.0,300753.0,55488.0,,,28.61,32.0,2.08,27.49
GOOGL,Alphabet Inc.,,2024,,10-Q,2024-10-30,2024-09-30,253549.0,,,81418.0,73582.0,5.96,5.9,430266.0,157541.0,116147.0,80803.0,314119.0,86186.0,,,29.02,32.11,1.95,26.99
GOOGL,Alphabet Inc.,,2024,,10-Q,2024-07-24,2023-06-30,144391.0,,,39253.0,33419.0,2.63,2.61,,,,,267141.0,52175.0,,,23.14,27.19,,
GOOGL,Alphabet Inc.,,2023,,10-K,2024-01-31,2022-12-31,282836.0,,,74842.0,59972.0,4.59,4.56,365264.0,164795.0,109120.0,69300.0,256144.0,91495.0,,,21.2,26.46,2.38,29.87
GOOGL,Alphabet Inc.,,2023,,10-K,2024-01-31,2023-12-31,307394.0,,,84293.0,73795.0,5.84,5.8,402392.0,171530.0,119013.0,81814.0,283379.0,101746.0,,,24.01,27.42,2.1,29.58
GOOGL,Alphabet Inc.,,2023,,10-Q,2023-04-26,2023-03-31,69787.0,,,17415.0,15051.0,1.18,1.17,369491.0,161985.0,108597.0,68854.0,260894.0,23509.0,,,21.57,24.95,2.35,29.39
GOOGL,Alphabet Inc.,,2023,,10-Q,2023-10-25,2022-09-30,206788.0,,,56682.0,46348.0,3.53,3.5,,,,,253626.0,67881.0,,,22.41,27.41,,
GOOGL,Alphabet Inc.,,2023,,10-Q,2023-07-26,2022-06-30,137696.0,,,39547.0,32438.0,2.46,2.44,,,,,255419.0,44528.0,,,23.56,28.72,,
GOOGL,Alphabet Inc.,,2023,,10-Q,2023-10-25,2023-09-30,221084.0,,,60596.0,53108.0,4.19,4.16,396711.0,176310.0,123509.0,86295.0,273202.0,82831.0,,,24.02,27.41,2.04,31.13
GOOGL,Alphabet Inc.,,2022,,10-K,2023-02-03,2020-12-31,182527.0,,,41224.0,40269.0,2.96,2.93,,,,,222544.0,65124.0,,,22.06,22.59,,
GOOGL,Alphabet Inc.,,2022,,10-Q,2022-07-27,2021-06-30,117194.0,,,35798.0,36455.0,2.72,2.68,,,,,237565.0,41179.0,,,31.11,30.55,,
GOOGL,Alphabet Inc.,,2022,,10-Q,2022-04-27,2022-03-31,68011.0,,,20094.0,16436.0,24.9,24.62,357096.0,177853.0,103092.0,61948.0,254004.0,25106.0,,,24.17,29.55,2.87,28.87
GOOGL,Alphabet Inc.,,2021,,10-K,2022-02-02,2021-12-31,257637.0,,,78714.0,76033.0,113.88,112.2,359268.0,188143.0,107633.0,64254.0,251635.0,91652.0,,,29.51,30.55,2.93,29.96
GOOGL,Alphabet Inc.,,2021,,10-Q,2021-04-28,2021-03-31,55314.0,,,16437.0,17930.0,26.63,26.29,327095.0,172137.0,97082.0,55453.0,230013.0,19289.0,,,32.41,29.72,3.1,29.68
GOOGL,Alphabet Inc.,,2021,,10-Q,2021-10-27,2021-09-30,182312.0,,,56829.0,55391.0,82.76,81.53,347403.0,184110.0,102836.0,61782.0,244567.0,66718.0,,,30.38,31.17,2.98,29.6
GOOGL,Alphabet Inc.,,2020,,10-Q,2020-07-31,2020-06-30,79456.0,,,14360.0,13795.0,20.16,20.0,278492.0,149069.0,71170.0,43658.0,207322.0,25444.0,,,17.36,18.07,3.41,25.56
GOOGL,Alphabet Inc.,,2020,,10-Q,2020-10-30,2020-09-30,125629.0,,,25573.0,25042.0,36.69,36.38,299243.0,164369.0,86323.0,48200.0,212920.0,42447.0,,,19.93,20.36,3.41,28.85
GOOGL,Alphabet Inc.,,2020,,10-Q,2020-10-30,2019-09-30,115782.0,,,24965.0,23672.0,34.12,33.83,,,,,194969.0,40093.0,,,20.45,21.56,,
GOOGL,Alphabet Inc.,,2020,,10-Q,2020-04-29,2019-03-31,36339.0,,,6608.0,6657.0,9.58,9.5,,,,,183472.0,12000.0,,,18.32,18.18,,
GOOGL,Alphabet Inc.,,2020,,10-Q,2020-04-29,2020-03-31,41159.0,,,7977.0,6836.0,9.96,9.87,273403.0,147018.0,69744.0,40189.0,203659.0,11451.0,,,16.61,19.38,3.66,25.51
GOOGL,Alphabet Inc.,,2019,,10-Q,2019-07-26,2019-06-30,75283.0,,,15788.0,16604.0,23.91,23.71,257101.0,147437.0,64909.0,37000.0,192192.0,24627.0,,,22.06,20.97,3.98,25.25
GOOGL,Alphabet Inc.,,2018,,10-K,2019-02-05,2016-12-31,90272.0,,,23716.0,19478.0,28.32,27.85,,,,,139036.0,36036.0,,,21.58,26.27,,
GOOGL,Alphabet Inc.,,2018,,10-K,2019-02-05,2018-12-31,136819.0,,,26321.0,30736.0,44.22,43.7,232792.0,135676.0,55164.0,34620.0,177628.0,47971.0,,,22.46,19.24,3.92,23.7
GOOGL,Alphabet Inc.,,2018,,10-Q,2018-10-26,2017-09-30,78532.0,,,18482.0,15682.0,22.65,22.3,,,,,,26823.0,,,19.97,23.53,,
GOOGL,Alphabet Inc.,,2018,,10-Q,2018-04-24,2017-03-31,24750.0,,,6568.0,5426.0,7.85,7.73,,,,,,9548.0,,,21.92,26.54,,
GOOGL,Alphabet Inc.,,2018,,10-Q,2018-10-26,2018-09-30,97543.0,,,18118.0,21788.0,31.34,30.95,221538.0,129702.0,51698.0,31301.0,169840.0,34984.0,,,22.34,18.57,4.14,23.34
GOOGL,Alphabet Inc.,,2018,,10-Q,2018-04-24,2018-03-31,31146.0,,,7001.0,9401.0,13.53,13.33,206935.0,123761.0,46110.0,25394.0,160825.0,11642.0,,,30.18,22.48,4.87,22.28
GOOGL,Alphabet Inc.,,2018,,10-Q,2018-07-24,2018-06-30,63803.0,,,9808.0,12596.0,18.13,17.89,211610.0,124157.0,49610.0,29903.0,162000.0,21774.0,,,19.74,15.37,4.15,23.44
GOOGL,Alphabet Inc.,,2017,,10-K,2018-02-06,2015-12-31,74989.0,,,19360.0,16348.0,,,,,,,120331.0,26572.0,,,21.8,25.82,,
GOOGL,Alphabet Inc.,,2017,,10-K,2018-02-06,2017-12-31,110855.0,,,26146.0,12662.0,,,197295.0,124308.0,44793.0,24183.0,152502.0,37091.0,,,11.42,23.59,5.14,22.7
GOOGL,Alphabet Inc.,,2017,,10-Q,2017-07-25,2016-06-30,41757.0,,,11310.0,9084.0,13.23,13.01,,,,,,16778.0,,,21.75,27.09,,
GOOGL,Alphabet Inc.,,2017,,10-Q,2017-10-27,2016-09-30,64208.0,,,17077.0,14145.0,20.59,20.26,,,,,,26623.0,,,22.03,26.6,,
GOOGL,Alphabet Inc.,,2017,,10-Q,2017-07-25,2017-06-30,50760.0,,,10700.0,8950.0,12.94,12.74,178621.0,112386.0,30335.0,18685.0,148286.0,16951.0,,,17.63,21.08,6.01,16.98
GOOGL,Alphabet Inc.,,2016,,10-Q,2016-05-03,2016-03-31,20257.0,,,5342.0,4207.0,,,149747.0,90955.0,26178.0,17684.0,123569.0,7658.0,,,20.77,26.37,5.14,17.48
GOOGL,Alphabet Inc.,,2016,,10-Q,2016-08-04,2015-06-30,34985.0,,,9272.0,7446.0,,,,,,,,13818.0,,,21.28,26.5,,
GOOGL,Alphabet Inc.,,2015,,10-K,2016-02-11,2013-12-31,55519.0,,,15403.0,12733.0,19.13,18.79,,,,,86977.0,18659.0,,,22.93,27.74,,
GOOGL,Alphabet Inc.,,2015,,10-Q,2015-10-29,2014-09-30,47898.0,,,12097.0,9461.0,14.02,13.78,,,,,,16012.0,,,19.75,25.26,,
GOOGL,Alphabet Inc.,,2015,,10-Q,2015-10-29,2015-09-30,53660.0,,,13980.0,11425.0,,,144281.0,88103.0,,18457.0,116241.0,19609.0,,,21.29,26.05,4.77,
META,Meta Platforms Inc,,2025,,10-Q,2025-05-01,2025-03-31,42314.0,,,17555.0,16644.0,6.59,6.43,280213.0,90227.0,95184.0,33890.0,185029.0,24026.0,,,39.33,41.49,2.66,33.97
META,Meta Platforms Inc,,2025,,10-Q,2025-05-01,2024-03-31,36455.0,,,13818.0,12369.0,4.86,4.71,,,,,149529.0,19246.0,,,33.93,37.9,,
META,Meta Platforms Inc,,2024,,10-K,2025-01-30,2024-12-31,164501.0,,,69380.0,62360.0,24.61,23.86,276054.0,100045.0,93417.0,33596.0,182637.0,91328.0,,,37.91,42.18,2.98,33.84
META,Meta Platforms Inc,,2024,,10-Q,2024-08-01,2024-06-30,75527.0,,,28665.0,25834.0,10.17,9.86,230238.0,76431.0,73475.0,27004.0,156763.0,38616.0,,,34.2,37.95,2.83,31.91
META,Meta Platforms Inc,,2024,,10-Q,2024-10-31,2024-09-30,116116.0,,,46016.0,41522.0,16.37,15.88,256408.0,91067.0,91879.0,33330.0,164529.0,63340.0,,,35.76,39.63,2.73,35.83
META,Meta Platforms Inc,,2024,,10-Q,2024-08-01,2023-06-30,60645.0,,,16619.0,13498.0,5.24,5.18,,,,,134033.0,31307.0,,,22.26,27.4,,
META,Meta Platforms Inc,,2023,,10-K,2024-02-02,2022-12-31,116609.0,,,28944.0,23200.0,8.63,8.59,185727.0,59549.0,60014.0,27026.0,125713.0,50475.0,,,19.9,24.82,2.2,32.31
META,Meta Platforms Inc,,2023,,10-K,2024-02-02,2023-12-31,134902.0,,,46751.0,39098.0,15.19,14.87,229623.0,85365.0,76455.0,31960.0,153168.0,71113.0,,,28.98,34.66,2.67,33.3
META,Meta Platforms Inc,,2023,,10-Q,2023-04-27,2023-03-31,28645.0,,,7227.0,5709.0,2.21,2.2,184491.0,52483.0,59696.0,25381.0,124795.0,13998.0,,,19.93,25.23,2.07,32.36
META,Meta Platforms Inc,,2023,,10-Q,2023-10-26,2022-09-30,84444.0,,,22545.0,18547.0,6.86,6.82,,,,,124094.0,35964.0,,,21.96,26.7,,
META,Meta Platforms Inc,,2023,,10-Q,2023-07-27,2022-06-30,56729.0,,,16881.0,14152.0,5.21,5.19,,,,,125767.0,26272.0,,,24.95,29.76,,
META,Meta Platforms Inc,,2023,,10-Q,2023-10-26,2023-09-30,94791.0,,,30367.0,25081.0,9.73,9.56,216274.0,78378.0,73401.0,30531.0,142873.0,51709.0,,,26.46,32.04,2.57,33.94
META,Meta Platforms Inc,,2022,,10-K,2023-02-02,2020-12-31,85965.0,,,32671.0,29146.0,10.22,10.09,,,,,128290.0,38747.0,,,33.9,38.01,,
META,Meta Platforms Inc,,2022,,10-Q,2022-07-28,2021-06-30,55248.0,,,23745.0,19892.0,7.0,6.9,,,,,138227.0,25489.0,,,36.0,42.98,,
META,Meta Platforms Inc,,2022,,10-Q,2022-04-28,2022-03-31,27908.0,,,8524.0,7465.0,2.74,2.72,164218.0,59265.0,40990.0,21086.0,123228.0,14076.0,,,26.75,30.54,2.81,24.96
META,Meta Platforms Inc,,2021,,10-K,2022-02-03,2021-12-31,117929.0,,,46753.0,39370.0,13.99,13.77,165987.0,66666.0,41108.0,21135.0,124879.0,57683.0,,,33.38,39.65,3.15,24.77
META,Meta Platforms Inc,,2021,,10-Q,2021-04-29,2021-03-31,26171.0,,,11378.0,9497.0,3.34,3.3,163523.0,77322.0,29866.0,12717.0,133657.0,12242.0,,,36.29,43.48,6.08,18.26
META,Meta Platforms Inc,,2021,,10-Q,2021-10-26,2021-09-30,84258.0,,,34168.0,29085.0,10.27,10.11,169585.0,75421.0,36225.0,17812.0,133360.0,39579.0,,,34.52,40.55,4.23,21.36
META,Meta Platforms Inc,,2020,,10-Q,2020-07-31,2020-06-30,36423.0,,,11856.0,10081.0,3.54,3.51,139691.0,68130.0,29244.0,11308.0,110447.0,14878.0,,,27.68,32.55,6.02,20.93
META,Meta Platforms Inc,,2020,,10-Q,2020-10-30,2020-09-30,57893.0,,,19896.0,17927.0,6.29,6.22,146437.0,65799.0,28706.0,11944.0,117731.0,24707.0,,,30.97,34.37,5.51,19.6
META,Meta Platforms Inc,,2020,,10-Q,2020-10-30,2019-09-30,49615.0,,,15128.0,11136.0,3.9,3.87,,,,,93999.0,27231.0,,,22.44,30.49,,
META,Meta Platforms Inc,,2020,,10-Q,2020-04-30,2019-03-31,15077.0,,,3317.0,2429.0,0.85,0.85,,,,,86516.0,9308.0,,,16.11,22.0,,
META,Meta Platforms Inc,,2020,,10-Q,2020-04-30,2020-03-31,17737.0,,,5893.0,4902.0,1.72,1.71,138371.0,69349.0,33067.0,15069.0,105304.0,11001.0,,,27.64,33.22,4.6,23.9
META,Meta Platforms Inc,,2019,,10-Q,2019-07-25,2019-06-30,31963.0,,,7943.0,5045.0,1.77,1.76,117006.0,57961.0,28244.0,12979.0,88762.0,17924.0,,,15.78,24.85,4.47,24.14
META,Meta Platforms Inc,,2018,,10-K,2019-01-31,2016-12-31,27638.0,,,12427.0,10217.0,3.56,3.49,,,,,59194.0,16108.0,,,36.97,44.96,,
META,Meta Platforms Inc,,2018,,10-K,2019-01-31,2018-12-31,55838.0,,,24913.0,22112.0,7.65,7.57,97334.0,50480.0,13207.0,7017.0,84127.0,29274.0,,,39.6,44.62,7.19,13.57
META,Meta Platforms Inc,,2018,,10-Q,2018-10-31,2017-09-30,27681.0,,,12851.0,11665.0,4.02,3.95,,,,,71208.0,16545.0,,,42.14,46.43,,
META,Meta Platforms Inc,,2018,,10-Q,2018-04-26,2017-03-31,8032.0,,,3327.0,3064.0,1.06,1.04,,,,,,5058.0,,,38.15,41.42,,
META,Meta Platforms Inc,,2018,,10-Q,2018-10-31,2018-09-30,38924.0,,,17093.0,15230.0,5.26,5.2,92452.0,49147.0,12110.0,5462.0,80342.0,21656.0,,,39.13,43.91,9.0,13.1
META,Meta Platforms Inc,,2018,,10-Q,2018-04-26,2018-03-31,11966.0,,,5449.0,4988.0,1.72,1.69,88945.0,50412.0,11325.0,5086.0,77620.0,7860.0,,,41.68,45.54,9.91,12.73
META,Meta Platforms Inc,,2018,,10-Q,2018-07-26,2018-06-30,25197.0,,,11313.0,10093.0,3.48,3.43,90291.0,49833.0,10909.0,4670.0,79382.0,14158.0,,,40.06,44.9,10.67,12.08
META,Meta Platforms Inc,,2017,,10-K,2018-02-01,2015-12-31,17928.0,,,6225.0,3688.0,1.31,1.29,,,,,44218.0,10320.0,,,20.57,34.72,,
META,Meta Platforms Inc,,2017,,10-K,2018-02-01,2017-12-31,40653.0,,,20203.0,15934.0,5.49,5.39,84524.0,48563.0,10177.0,3760.0,74347.0,24216.0,,,39.2,49.7,12.92,12.04
META,Meta Platforms Inc,,2017,,10-Q,2017-07-27,2016-06-30,11818.0,,,4743.0,4021.0,1.41,1.38,,,,,,7142.0,,,34.02,40.13,,
META,Meta Platforms Inc,,2017,,10-Q,2017-11-02,2016-09-30,18829.0,,,7860.0,6648.0,2.32,2.28,,,,,,11178.0,,,35.31,41.74,,
META,Meta Platforms Inc,,2017,,10-Q,2017-07-27,2017-06-30,17353.0,,,7729.0,6959.0,2.4,2.36,73843.0,40804.0,7362.0,3315.0,66481.0,10418.0,,,40.1,44.54,12.31,9.97
META,Meta Platforms Inc,,2016,,10-Q,2016-04-28,2016-03-31,5382.0,,,2009.0,1510.0,0.53,0.52,52075.0,23812.0,4925.0,1809.0,47150.0,2983.0,,,28.06,37.33,13.16,9.46
META,Meta Platforms Inc,,2016,,10-Q,2016-07-28,2015-06-30,7586.0,,,2206.0,1231.0,0.44,0.43,,,,,,3580.0,,,16.23,29.08,,
META,Meta Platforms Inc,,2015,,10-K,2016-01-28,2013-12-31,7872.0,,,2804.0,1500.0,0.62,0.6,,,,,,4222.0,,,19.05,35.62,,
META,Meta Platforms Inc,,2015,,10-Q,2015-04-23,2014-03-31,2502.0,,,1075.0,642.0,0.25,0.25,,,,,,1285.0,,,25.66,42.97,,
META,Meta Platforms Inc,,2015,,10-Q,2015-11-05,2015-09-30,12087.0,,,3665.0,2127.0,0.76,0.75,46469.0,19139.0,5049.0,1792.0,41420.0,5772.0,,,17.6,30.32,10.68,10.87
META,Meta Platforms Inc,,2015,,10-Q,2015-07-31,2014-06-30,5412.0,,,2464.0,1433.0,0.56,0.55,,,,,,2626.0,,,26.48,45.53,,
META,Meta Platforms Inc,,2015,,10-Q,2015-04-23,2015-03-31,3543.0,,,933.0,512.0,0.18,0.18,42007.0,15004.0,4506.0,1746.0,37501.0,1700.0,,,14.45,26.33,8.59,10.73
META,Meta Platforms Inc,,2014,,10-Q,2014-10-30,2014-09-30,8615.0,,,3861.0,2239.0,0.87,0.86,24188.0,16115.0,2950.0,1234.0,21238.0,3874.0,,,25.99,44.82,13.06,12.2
META,Meta Platforms Inc,,2014,,10-Q,2014-10-30,2013-09-30,5286.0,,,1672.0,977.0,0.4,0.39,,,,,,2991.0,,,18.48,31.63,,
META,Meta Platforms Inc,,2013,,10-K,2014-01-31,2012-12-31,5089.0,,,538.0,53.0,0.02,0.01,15103.0,11267.0,3348.0,1052.0,11755.0,1612.0,,,1.04,10.57,10.71,22.17
META,Meta Platforms Inc,,2013,,10-K,2014-01-31,2011-12-31,3711.0,,,1756.0,1000.0,0.52,0.46,,,,,,1549.0,,,26.95,47.32,,
META,Meta Platforms Inc,,2013,,10-Q,2013-11-01,2012-09-30,3504.0,,,15.0,-11.0,-0.01,-0.01,,,,,,931.0,,,-0.31,0.43,,
META,Meta Platforms Inc,,2013,,10-Q,2013-05-02,2013-03-31,1458.0,,,373.0,219.0,0.09,0.09,15163.0,11042.0,3339.0,1063.0,11824.0,719.0,,,15.02,25.58,10.39,22.02
META,Meta Platforms Inc,,2013,,10-Q,2013-07-25,2013-06-30,3271.0,,,935.0,552.0,0.23,0.22,15724.0,11421.0,3375.0,1080.0,12349.0,2041.0,,,16.88,28.58,10.57,21.46
META,Meta Platforms Inc,,2013,,10-Q,2013-05-02,2012-03-31,1058.0,,,381.0,205.0,0.1,0.09,,,,,,441.0,,,19.38,36.01,,
META,Meta Platforms Inc,,2012,,10-K,2013-02-01,2010-12-31,1974.0,,,1032.0,606.0,0.34,0.28,,,,,,698.0,,,30.7,52.28,,
META,Meta Platforms Inc,,2012,,10-Q,2012-07-31,2012-06-30,2242.0,,,-362.0,48.0,0.02,0.02,14928.0,11967.0,1619.0,1034.0,13309.0,683.0,,,2.14,-16.15,11.57,10.85
META,Meta Platforms Inc,,2012,,10-Q,2012-07-31,2011-06-30,1626.0,,,795.0,471.0,0.25,0.22,,,,,,474.0,,,28.97,48.89,,
META,Meta Platforms Inc,,2012,,10-Q,2012-10-24,2011-09-30,2580.0,,,1209.0,698.0,-0.36,-0.32,,,,,,1039.0,,,27.05,46.86,,
MSFT,Microsoft Corp,,2025,,10-Q,2025-01-29,2024-12-31,135217.0,,,62205.0,48775.0,6.56,6.53,533898.0,147080.0,231203.0,108882.0,302695.0,56471.0,,,36.07,46.0,1.35,43.3
MSFT,Microsoft Corp,,2025,,10-Q,2025-01-29,2023-12-31,118537.0,,,53927.0,44161.0,5.94,5.92,,,,,238268.0,49436.0,,,37.26,45.49,,
MSFT,Microsoft Corp,,2025,,10-Q,2024-10-30,2024-09-30,65585.0,,,30552.0,24667.0,3.32,3.3,523013.0,149926.0,235290.0,115200.0,287723.0,34180.0,,,37.61,46.58,1.3,44.99
MSFT,Microsoft Corp,,2025,,10-Q,2025-04-30,2025-03-31,205283.0,,,94205.0,74599.0,10.03,9.99,562624.0,156644.0,240733.0,114206.0,321891.0,93515.0,,,36.34,45.89,1.37,42.79
MSFT,Microsoft Corp,,2025,,10-Q,2025-04-30,2024-03-31,180395.0,,,81508.0,66100.0,8.9,8.85,,,,,253152.0,81353.0,,,36.64,45.18,,
MSFT,Microsoft Corp,,2024,,10-K,2024-07-30,2022-06-30,198270.0,,,83383.0,72738.0,9.7,9.65,,,,,166542.0,89035.0,,,36.69,42.06,,
MSFT,Microsoft Corp,,2024,,10-K,2024-07-30,2023-06-30,211915.0,,,88523.0,72361.0,9.72,9.68,411976.0,184257.0,205753.0,104149.0,206223.0,87582.0,,,34.15,41.77,1.77,49.94
MSFT,Microsoft Corp,,2024,,10-K,2024-07-30,2024-06-30,245122.0,,,109433.0,88136.0,11.86,11.8,512163.0,159734.0,243686.0,125286.0,268477.0,118548.0,,,35.96,44.64,1.27,47.58
MSFT,Microsoft Corp,,2024,,10-Q,2023-10-24,2023-09-30,56517.0,,,26895.0,22291.0,3.0,2.99,445785.0,207586.0,225071.0,124792.0,220714.0,30583.0,,,39.44,47.59,1.66,50.49
MSFT,Microsoft Corp,,2023,,10-Q,2023-01-24,2022-12-31,102869.0,,,41917.0,33981.0,4.56,4.54,364552.0,157823.0,181416.0,81718.0,183136.0,34371.0,,,33.03,40.75,1.93,49.76
MSFT,Microsoft Corp,,2023,,10-Q,2023-04-25,2023-03-31,155726.0,,,64269.0,52280.0,7.02,6.99,380088.0,163889.0,185405.0,85691.0,194683.0,58812.0,,,33.57,41.27,1.91,48.78
MSFT,Microsoft Corp,,2023,,10-Q,2022-10-25,2022-09-30,50122.0,,,21518.0,17556.0,2.35,2.35,359784.0,160812.0,186218.0,87389.0,173566.0,23198.0,,,35.03,42.93,1.84,51.76
MSFT,Microsoft Corp,,2022,,10-K,2022-07-28,2021-06-30,168088.0,,,69916.0,61271.0,8.12,8.05,333779.0,184406.0,191791.0,88657.0,141988.0,76740.0,,,36.45,41.59,2.08,57.46
MSFT,Microsoft Corp,,2022,,10-Q,2021-10-26,2021-09-30,45317.0,,,20238.0,20505.0,2.73,2.71,335418.0,174326.0,183440.0,80528.0,151978.0,24540.0,,,45.25,44.66,2.16,54.69
MSFT,Microsoft Corp,,2022,,10-Q,2022-01-25,2021-12-31,97045.0,,,42485.0,39270.0,5.23,5.19,340389.0,174188.0,180379.0,77510.0,160010.0,39020.0,,,40.47,43.78,2.25,52.99
MSFT,Microsoft Corp,,2022,,10-Q,2021-10-26,2020-09-30,37154.0,,,15876.0,13893.0,1.84,1.82,,,,,123392.0,19335.0,,,37.39,42.73,,
MSFT,Microsoft Corp,,2022,,10-Q,2022-04-26,2022-03-31,146405.0,,,62849.0,55998.0,7.46,7.41,344607.0,153922.0,181683.0,77439.0,162924.0,64406.0,,,38.25,42.93,1.99,52.72
MSFT,Microsoft Corp,,2022,,10-Q,2022-01-25,2020-12-31,80230.0,,,33773.0,29356.0,3.88,3.85,,,,,130236.0,31851.0,,,36.59,42.1,,
MSFT,Microsoft Corp,,2021,,10-K,2021-07-29,2020-06-30,143015.0,,,52959.0,44281.0,5.82,5.76,301311.0,181915.0,183007.0,72310.0,118304.0,60675.0,,,30.96,37.03,2.52,60.74
MSFT,Microsoft Corp,,2021,,10-Q,2021-04-27,2021-03-31,121936.0,,,50821.0,44813.0,5.93,5.88,308879.0,165614.0,174374.0,72193.0,134505.0,54030.0,,,36.75,41.68,2.29,56.45
MSFT,Microsoft Corp,,2020,,10-K,2020-07-30,2019-09-30,33055.0,,,12686.0,10678.0,1.4,1.38,,,,,,,,,32.3,38.38,,
MSFT,Microsoft Corp,,2020,,10-K,2020-07-30,2019-03-31,30571.0,,,10341.0,8809.0,1.15,1.14,,,,,,,,,28.81,33.83,,
MSFT,Microsoft Corp,,2020,,10-K,2020-07-30,2019-12-31,36906.0,,,13891.0,11649.0,1.53,1.51,,,,,,,,,31.56,37.64,,
MSFT,Microsoft Corp,,2020,,10-K,2020-07-30,2020-03-31,35021.0,,,12975.0,10752.0,1.41,1.4,,,,,,,,,30.7,37.05,,
MSFT,Microsoft Corp,,2020,,10-K,2020-07-30,2019-06-30,125843.0,,,42959.0,39240.0,5.11,5.06,286556.0,175552.0,184226.0,69420.0,102330.0,52185.0,,,31.18,34.14,2.53,64.29
MSFT,Microsoft Corp,,2020,,10-Q,2019-10-23,2018-09-30,29084.0,,,9955.0,8824.0,1.15,1.14,,,,,85967.0,13657.0,,,30.34,34.23,,
MSFT,Microsoft Corp,,2020,,10-Q,2019-10-23,2019-09-30,33055.0,,,12686.0,10678.0,1.4,1.38,278955.0,165896.0,172894.0,58118.0,106061.0,13818.0,,,32.3,38.38,2.85,61.98
MSFT,Microsoft Corp,,2020,,10-Q,2020-04-29,2019-03-31,92126.0,,,30554.0,26053.0,3.39,3.36,,,,,94864.0,36077.0,,,28.28,33.17,,
MSFT,Microsoft Corp,,2020,,10-Q,2020-01-29,2019-12-31,69961.0,,,26577.0,22327.0,2.93,2.9,282794.0,167074.0,172685.0,59640.0,110109.0,24498.0,,,31.91,37.99,2.8,61.06
MSFT,Microsoft Corp,,2020,,10-Q,2020-04-29,2020-03-31,104982.0,,,39552.0,33079.0,4.34,4.3,285449.0,170505.0,170948.0,58707.0,114501.0,42002.0,,,31.51,37.68,2.9,59.89
MSFT,Microsoft Corp,,2019,,10-K,2019-08-01,2018-12-31,32471.0,,,10258.0,8420.0,1.09,1.08,,,,,,,,,25.93,31.59,,
MSFT,Microsoft Corp,,2019,,10-K,2019-08-01,2018-06-30,110360.0,,,35058.0,16571.0,2.15,2.13,258848.0,169662.0,176130.0,58488.0,82718.0,43884.0,,,15.02,31.77,2.9,68.04
MSFT,Microsoft Corp,,2019,,10-K,2019-08-01,2017-09-30,24538.0,,,7708.0,6576.0,0.85,0.84,,,,,,,,,26.8,31.41,,
MSFT,Microsoft Corp,,2019,,10-K,2019-08-01,2018-09-30,29084.0,,,9955.0,8824.0,1.15,1.14,,,,,,,,,30.34,34.23,,
MSFT,Microsoft Corp,,2019,,10-Q,2019-01-30,2018-12-31,61555.0,,,20213.0,17244.0,2.24,2.22,258859.0,156874.0,166731.0,50318.0,92128.0,22557.0,,,28.01,32.84,3.12,64.41
MSFT,Microsoft Corp,,2018,,10-K,2018-08-03,2017-12-31,28918.0,,,8679.0,-6302.0,-0.82,-0.82,,,,,,,,,-21.79,30.01,,
MSFT,Microsoft Corp,,2018,,10-K,2018-08-03,2018-03-31,26819.0,,,8292.0,7424.0,0.96,0.95,,,,,,,,,27.68,30.92,,
MSFT,Microsoft Corp,,2018,,10-K,2018-08-03,2017-03-31,23212.0,,,6723.0,5486.0,0.71,0.7,,,,,,,,,23.63,28.96,,
MSFT,Microsoft Corp,,2018,,10-K,2018-08-03,2016-09-30,21928.0,,,6715.0,5667.0,0.73,0.72,,,,,,,,,25.84,30.62,,
MSFT,Microsoft Corp,,2018,,10-K,2018-08-03,2016-12-31,25826.0,,,7905.0,6267.0,0.81,0.8,,,,,,,,,24.27,30.61,,
MSFT,Microsoft Corp,,2018,,10-Q,2018-01-31,2017-12-31,53456.0,,,16387.0,274.0,0.04,0.04,256003.0,167633.0,177643.0,58099.0,78360.0,20315.0,,,0.51,30.66,2.89,69.39
MSFT,Microsoft Corp,,2018,,10-Q,2017-10-26,2017-09-30,24538.0,,,7708.0,6576.0,0.85,0.84,249097.0,161031.0,159450.0,51615.0,89647.0,,,,26.8,31.41,3.12,64.01
MSFT,Microsoft Corp,,2018,,10-Q,2018-04-26,2017-03-31,70966.0,,,21343.0,17420.0,2.25,2.22,,,,,83491.0,28502.0,,,24.55,30.07,,
MSFT,Microsoft Corp,,2018,,10-Q,2018-04-26,2018-03-31,80275.0,,,24679.0,7698.0,1.0,0.99,245497.0,156659.0,166258.0,46133.0,79239.0,32466.0,,,9.59,30.74,3.4,67.72
MSFT,Microsoft Corp,,2018,,10-Q,2018-01-31,2016-12-31,47754.0,,,14620.0,11934.0,1.54,1.52,,,,,81829.0,17842.0,,,24.99,30.62,,
MSFT,Microsoft Corp,,2017,,10-K,2017-08-02,2016-03-31,20531.0,,,5283.0,3756.0,0.48,0.47,,,,,,,,,18.29,25.73,,
MSFT,Microsoft Corp,,2017,,10-K,2017-08-02,2017-06-30,89950.0,,,22326.0,21204.0,2.74,2.71,241086.0,159851.0,168692.0,64527.0,72394.0,,,,23.57,24.82,2.48,69.97
MSFT,Microsoft Corp,,2017,,10-K,2017-08-02,2015-09-30,20379.0,,,5793.0,4902.0,0.61,0.61,,,,,,,,,24.05,28.43,,
MSFT,Microsoft Corp,,2017,,10-K,2017-08-02,2015-12-31,23796.0,,,6026.0,5018.0,0.63,0.62,,,,,,,,,21.09,25.32,,
MSFT,Microsoft Corp,,2017,,10-Q,2017-01-26,2015-12-31,44175.0,,,11819.0,9920.0,1.24,1.23,,,,,76780.0,,,,22.46,26.75,,
MSFT,Microsoft Corp,,2017,,10-Q,2016-10-20,2016-09-30,20453.0,,,5225.0,4690.0,0.6,0.6,212524.0,157909.0,142152.0,58810.0,70372.0,,,,22.93,25.55,2.69,66.89
MSFT,Microsoft Corp,,2017,,10-Q,2016-10-20,2015-09-30,20379.0,,,5793.0,4902.0,0.61,0.61,,,,,77445.0,,,,24.05,28.43,,
MSFT,Microsoft Corp,,2016,,10-K,2016-07-28,2015-06-30,93580.0,,,18161.0,12193.0,1.49,1.48,174472.0,122797.0,94389.0,49647.0,80083.0,,,,13.03,19.41,2.47,54.1
MSFT,Microsoft Corp,,2016,,10-K,2016-07-28,2016-06-30,85320.0,,,20182.0,16798.0,2.12,2.1,193694.0,139660.0,121697.0,59357.0,71997.0,,,,19.69,23.65,2.35,62.83
MSFT,Microsoft Corp,,2016,,10-Q,2016-04-21,2016-03-31,64706.0,,,17102.0,13676.0,1.72,1.7,181869.0,128421.0,107063.0,44354.0,74806.0,,,,21.14,26.43,2.9,58.87
MSFT,Microsoft Corp,,2016,,10-Q,2015-10-22,2014-09-30,23201.0,,,5844.0,4540.0,0.55,0.54,,,,,90170.0,,,,19.57,25.19,,
MSFT,Microsoft Corp,,2015,,10-K,2015-07-31,2014-09-30,23201.0,,,,4540.0,0.55,0.54,,,,,,,,,19.57,,,
MSFT,Microsoft Corp,,2015,,10-K,2015-07-31,2013-06-30,77849.0,,,26764.0,21863.0,2.61,2.58,,,,,78944.0,,,,28.08,34.38,,
MSFT,Microsoft Corp,,2015,,10-K,2015-07-31,2014-03-31,20403.0,,,,5660.0,0.68,0.68,,,,,,,,,27.74,,,
MSFT,Microsoft Corp,,2015,,10-K,2015-07-31,2014-06-30,86833.0,,,27759.0,22074.0,2.66,2.63,172384.0,114246.0,82600.0,45625.0,89784.0,,,,25.42,31.97,2.5,47.92
MSFT,Microsoft Corp,,2015,,10-K,2015-07-31,2013-12-31,24519.0,,,,6558.0,0.79,0.78,,,,,,,,,26.75,,,
MSFT,Microsoft Corp,,2015,,10-K,2015-07-31,2015-03-31,21729.0,,,,4985.0,0.61,0.61,,,,,,,,,22.94,,,
MSFT,Microsoft Corp,,2015,,10-K,2015-07-31,2014-12-31,26470.0,,,,5863.0,0.71,0.71,,,,,,,,,22.15,,,
MSFT,Microsoft Corp,,2015,,10-K,2015-07-31,2013-09-30,18529.0,,,,5244.0,0.63,0.62,,,,,,,,,28.3,,,
MSFT,Microsoft Corp,,2015,,10-Q,2015-01-26,2013-12-31,43048.0,,,14303.0,11802.0,1.42,1.4,,,,,85100.0,,,,27.42,33.23,,
MSFT,Microsoft Corp,,2015,,10-Q,2015-01-26,2014-12-31,49671.0,,,13620.0,10403.0,1.26,1.25,174848.0,116362.0,82969.0,47415.0,91879.0,,,,20.94,27.42,2.45,47.45
MSFT,Microsoft Corp,,2015,,10-Q,2015-04-23,2014-03-31,63451.0,,,21277.0,17462.0,2.1,2.08,,,,,87424.0,,,,27.52,33.53,,
MSFT,Microsoft Corp,,2015,,10-Q,2015-04-23,2015-03-31,71400.0,,,20214.0,15388.0,1.87,1.86,176683.0,118398.0,86551.0,40748.0,90132.0,,,,21.55,28.31,2.91,48.99
MSFT,Microsoft Corp,,2014,,10-K,2014-07-31,2012-09-30,16008.0,,,,4466.0,0.53,0.53,,,,,,,,,27.9,,,
MSFT,Microsoft Corp,,2014,,10-Q,2013-10-24,2013-09-30,18529.0,,,6334.0,5244.0,0.63,0.62,142348.0,99450.0,60707.0,34623.0,81641.0,,,,28.3,34.18,2.87,42.65
MSFT,Microsoft Corp,,2013,,10-K,2013-07-30,2013-03-31,20489.0,,,,6055.0,0.72,0.72,,,,,,,,,29.55,,,
MSFT,Microsoft Corp,,2013,,10-K,2013-07-30,2012-12-31,21456.0,,,,6377.0,0.76,0.76,,,,,,,,,29.72,,,
MSFT,Microsoft Corp,,2013,,10-K,2013-07-30,2011-06-30,69943.0,,,27161.0,23150.0,2.73,2.69,,,,,57083.0,26994.0,,,33.1,38.83,,
MSFT,Microsoft Corp,,2013,,10-K,2013-07-30,2012-06-30,73723.0,,,21763.0,16978.0,2.02,2.0,121271.0,85084.0,54908.0,32688.0,66363.0,31626.0,,,23.03,29.52,2.6,45.28
MSFT,Microsoft Corp,,2013,,10-K,2013-07-30,2011-12-31,20885.0,,,,6624.0,0.79,0.78,,,,,,,,,31.72,,,
MSFT,Microsoft Corp,,2013,,10-Q,2013-01-24,2011-12-31,38257.0,,,15197.0,12362.0,1.47,1.46,,,,,64121.0,14355.0,,,32.31,39.72,,
MSFT,Microsoft Corp,,2013,,10-Q,2012-10-18,2012-09-30,16008.0,,,5308.0,4466.0,0.53,0.53,121876.0,84051.0,53040.0,31402.0,68836.0,8484.0,,,27.9,33.16,2.68,43.52
MSFT,Microsoft Corp,,2013,,10-Q,2013-04-18,2013-03-31,57953.0,,,20691.0,16898.0,2.02,1.99,134105.0,93524.0,57417.0,31929.0,76688.0,22930.0,,,29.16,35.7,2.93,42.81
MSFT,Microsoft Corp,,2013,,10-Q,2013-01-24,2012-12-31,37464.0,,,13079.0,10843.0,1.29,1.28,128683.0,89574.0,56107.0,31910.0,72576.0,13264.0,,,28.94,34.91,2.81,43.6
MSFT,Microsoft Corp,,2013,,10-Q,2013-04-18,2012-03-31,55664.0,,,21571.0,17470.0,2.08,2.05,,,,,68659.0,23949.0,,,31.38,38.75,,
MSFT,Microsoft Corp,,2012,,10-K,2012-07-26,2011-03-31,16428.0,,,,5232.0,0.62,0.61,,,,,,,,,31.85,,,
MSFT,Microsoft Corp,,2012,,10-K,2012-07-26,2011-09-30,17372.0,,,,5738.0,0.68,0.68,,,,,,,,,33.03,,,
MSFT,Microsoft Corp,,2012,,10-K,2012-07-26,2010-06-30,62484.0,,,24098.0,18760.0,2.13,2.1,,,,,46175.0,24073.0,,,30.02,38.57,,
MSFT,Microsoft Corp,,2012,,10-K,2012-07-26,2012-03-31,17407.0,,,,5108.0,0.61,0.6,,,,,,,,,29.34,,,
MSFT,Microsoft Corp,,2012,,10-Q,2011-10-20,2010-09-30,16195.0,,,7116.0,5410.0,0.63,0.62,,,,,46942.0,8194.0,,,33.41,43.94,,
MSFT,Microsoft Corp,,2012,,10-Q,2012-04-19,2011-03-31,52576.0,,,20990.0,17276.0,2.03,2.01,,,,,53452.0,21052.0,,,32.86,39.92,,
MSFT,Microsoft Corp,,2012,,10-Q,2011-10-20,2011-09-30,17372.0,,,7203.0,5738.0,0.68,0.68,107415.0,75271.0,48024.0,25543.0,59391.0,8493.0,,,33.03,41.46,2.95,44.71
MSFT,Microsoft Corp,,2011,,10-K,2011-07-28,2010-03-31,14503.0,,,,4006.0,0.46,0.45,,,,,,,,,27.62,,,
MSFT,Microsoft Corp,,2011,,10-K,2011-07-28,2009-06-30,58437.0,,,20363.0,14569.0,1.63,1.62,,,,,39558.0,19037.0,,,24.93,34.85,,
MSFT,Microsoft Corp,,2011,,10-K,2011-07-28,2010-12-31,19953.0,,,,6634.0,0.78,0.77,,,,,,,,,33.25,,,
MSFT,Microsoft Corp,,2011,,10-K,2011-07-28,2010-09-30,16195.0,,,,5410.0,0.63,0.62,,,,,,,,,33.41,,,
MSFT,Microsoft Corp,,2011,,10-Q,2011-01-27,2010-12-31,36148.0,,,15281.0,12044.0,1.41,1.39,92306.0,59684.0,43825.0,24312.0,48481.0,12380.0,,,33.32,42.27,2.45,47.48
MSFT,Microsoft Corp,,2011,,10-Q,2010-10-28,2009-09-30,12920.0,,,4482.0,3574.0,0.4,0.4,,,,,41212.0,6107.0,,,27.66,34.69,,
MSFT,Microsoft Corp,,2011,,10-Q,2011-01-27,2009-12-31,31942.0,,,12995.0,10236.0,1.15,1.14,,,,,44283.0,11076.0,,,32.05,40.68,,
MSFT,Microsoft Corp,,2010,,10-K,2010-07-30,2007-12-31,16367.0,,,,4707.0,0.5,0.5,,,,,,,,,28.76,,,
MSFT,Microsoft Corp,,2010,,10-K,2010-07-30,2009-03-31,13648.0,,,,2977.0,0.33,0.33,,,,,,,,,21.81,,,
MSFT,Microsoft Corp,,2010,,10-K,2010-07-30,2009-09-30,12920.0,,,,3574.0,0.4,0.4,,,,,,,,,27.66,,,
MSFT,Microsoft Corp,,2010,,10-K,2010-07-30,2008-12-31,16629.0,,,,4174.0,0.47,0.47,,,,,,,,,25.1,,,
MSFT,Microsoft Corp,,2010,,10-K,2010-07-30,2009-12-31,19022.0,,,,6662.0,0.75,0.74,,,,,,,,,35.02,,,
MSFT,Microsoft Corp,,2010,,10-K,2010-07-30,2008-03-31,14454.0,,,,4388.0,0.47,0.47,,,,,,,,,30.36,,,
MSFT,Microsoft Corp,,2010,,10-K,2010-07-30,2007-09-30,13762.0,,,,4289.0,0.46,0.45,,,,,,,,,31.17,,,
MSFT,Microsoft Corp,,2010,,10-K,2010-07-30,2008-09-30,15061.0,,,,4373.0,0.48,0.48,,,,,,,,,29.04,,,
MSFT,Microsoft Corp,,2010,,10-K,2010-07-30,2008-06-30,60420.0,,,22271.0,17681.0,1.9,1.87,,,,,36286.0,21612.0,,,29.26,36.86,,
MSFT,Microsoft Corp,,2010,,10-Q,2009-10-23,2008-09-30,15061.0,,,5999.0,4373.0,0.48,0.48,,,,,33594.0,3370.0,,,29.04,39.83,,
MSFT,Microsoft Corp,,2010,,10-Q,2010-04-22,2009-03-31,45338.0,,,16376.0,11524.0,1.29,1.28,,,,,36943.0,15196.0,,,25.42,36.12,,
MSFT,Microsoft Corp,,2010,,10-Q,2010-04-22,2010-03-31,46445.0,,,18168.0,14242.0,1.61,1.59,84910.0,54518.0,,26424.0,45710.0,18469.0,,,30.66,39.12,2.06,
MSFT,Microsoft Corp,,2010,,10-Q,2010-01-28,2008-12-31,31690.0,,,11938.0,8547.0,0.95,0.94,,,,,34478.0,9152.0,,,26.97,37.67,,
NFLX,Netflix Inc,,2025,,10-Q,2025-04-18,2025-03-31,10542.8,,,3347.0,2890.35,6.76,6.61,52087.64,11697.63,28059.57,9718.52,24028.07,2789.2,,,27.42,31.75,1.2,53.87
NFLX,Netflix Inc,,2025,,10-Q,2025-04-18,2024-03-31,9370.44,,,2632.53,2332.21,5.4,5.28,,,,,21365.41,2212.52,,,24.89,28.09,,
NFLX,Netflix Inc,,2024,,10-K,2025-01-27,2024-12-31,39000.97,,,10417.61,8711.63,20.28,19.83,53630.37,13100.38,28886.81,10755.4,24743.57,7361.36,,,22.34,26.71,1.22,53.86
NFLX,Netflix Inc,,2024,,10-Q,2024-07-19,2024-06-30,18929.75,,,5235.37,4479.52,10.39,10.16,49098.89,9615.55,26986.2,10140.0,22112.69,3503.37,,,23.66,27.66,0.95,54.96
NFLX,Netflix Inc,,2024,,10-Q,2024-10-18,2024-09-30,28754.45,,,8144.85,6843.02,15.91,15.56,52281.84,12129.1,29561.11,10707.13,22720.74,5824.47,,,23.8,28.33,1.13,56.54
NFLX,Netflix Inc,,2024,,10-Q,2024-07-19,2023-06-30,16348.8,,,3541.5,2792.73,6.28,6.18,,,,,22832.22,3618.97,,,17.08,21.66,,
NFLX,Netflix Inc,,2023,,10-K,2024-01-26,2022-12-31,31615.55,,,5632.83,4491.92,10.1,9.95,48594.77,9266.47,27817.37,7930.97,20777.4,2026.26,,,14.21,17.82,1.17,57.24
NFLX,Netflix Inc,,2023,,10-K,2024-01-26,2023-12-31,33723.3,,,6954.0,5407.99,12.25,12.03,48731.99,9918.13,28143.68,8860.66,20588.31,7274.3,,,16.04,20.62,1.12,57.75
NFLX,Netflix Inc,,2023,,10-Q,2023-04-21,2023-03-31,8161.5,,,1714.32,1305.12,2.93,2.88,49490.35,10482.62,27662.15,8316.07,21828.2,2178.74,,,15.99,21.0,1.26,55.89
NFLX,Netflix Inc,,2023,,10-Q,2023-10-20,2022-09-30,23763.5,,,5082.93,4436.64,9.98,9.83,,,,,20528.14,1582.4,,,18.67,21.39,,
NFLX,Netflix Inc,,2023,,10-Q,2023-07-21,2022-06-30,15837.91,,,3549.91,3038.4,6.84,6.73,,,,,19075.97,1025.59,,,19.18,22.41,,
NFLX,Netflix Inc,,2023,,10-Q,2023-10-20,2023-09-30,24890.47,,,5457.89,4470.15,10.08,9.9,49501.79,10779.47,27394.16,8338.72,22107.63,5611.29,,,17.96,21.93,1.29,55.34
NFLX,Netflix Inc,,2022,,10-K,2023-01-26,2020-12-31,24996.06,,,4585.29,2761.39,6.26,6.08,,,,,11065.24,2427.08,,,11.05,18.34,,
NFLX,Netflix Inc,,2022,,10-Q,2022-07-21,2021-06-30,14505.06,,,3807.49,3059.73,6.9,6.72,,,,,13863.87,713.5,,,21.09,26.25,,
NFLX,Netflix Inc,,2022,,10-Q,2022-04-21,2022-03-31,7867.77,,,1971.63,1597.45,3.6,3.53,45330.9,8098.02,27786.87,7739.66,17544.04,922.84,,,20.3,25.06,1.05,61.3
NFLX,Netflix Inc,,2021,,10-K,2022-01-27,2021-12-31,29697.84,,,6194.51,5116.23,11.55,11.24,44584.66,8069.82,28735.42,8488.97,15849.25,392.61,,,17.23,20.86,0.95,64.45
NFLX,Netflix Inc,,2021,,10-Q,2021-04-22,2021-03-31,7163.28,,,1959.86,1706.71,3.85,3.75,40123.01,10107.51,27238.93,7961.77,12884.08,777.27,,,23.83,27.36,1.27,67.89
NFLX,Netflix Inc,,2021,,10-Q,2021-10-21,2021-09-30,21988.53,,,5562.74,4508.8,10.18,9.9,42739.86,9415.79,27425.24,8049.25,15314.62,795.88,,,20.51,25.3,1.17,64.17
NFLX,Netflix Inc,,2020,,10-K,2021-01-28,2020-09-30,6435.64,,,,789.98,1.79,1.74,,,,,,,,,12.28,,,
NFLX,Netflix Inc,,2020,,10-K,2021-01-28,2020-06-30,6148.29,,,,720.2,1.63,1.59,,,,,,,,,11.71,,,
NFLX,Netflix Inc,,2020,,10-K,2021-01-28,2019-03-31,4520.99,,,,344.05,0.79,0.76,,,,,,,,,7.61,,,
NFLX,Netflix Inc,,2020,,10-K,2021-01-28,2020-03-31,5767.69,,,,709.07,1.61,1.57,,,,,,,,,12.29,,,
NFLX,Netflix Inc,,2020,,10-K,2021-01-28,2019-06-30,4923.12,,,,270.65,0.62,0.6,,,,,,,,,5.5,,,
NFLX,Netflix Inc,,2020,,10-Q,2020-07-20,2020-06-30,11915.98,,,2316.18,1429.26,3.25,3.15,37175.28,8564.14,27840.53,7626.42,9334.75,1300.99,,,11.99,19.44,1.12,74.89
NFLX,Netflix Inc,,2020,,10-Q,2020-10-22,2020-09-30,18351.61,,,3631.05,2219.24,5.04,4.89,38622.54,9826.48,28289.22,7939.8,10333.32,2564.75,,,12.09,19.79,1.24,73.25
NFLX,Netflix Inc,,2020,,10-Q,2020-10-22,2019-09-30,14689.01,,,2145.74,1279.95,2.93,2.83,,,,,6861.51,-1425.35,,,8.71,14.61,,
NFLX,Netflix Inc,,2020,,10-Q,2020-04-21,2019-03-31,4520.99,,,459.08,344.05,0.79,0.76,,,,,5703.06,-379.8,,,7.61,10.15,,
NFLX,Netflix Inc,,2020,,10-Q,2020-04-21,2020-03-31,5767.69,,,958.26,709.07,1.61,1.57,35059.91,6447.78,26650.62,7853.73,8409.29,259.91,,,12.29,16.61,0.82,76.01
NFLX,Netflix Inc,,2019,,10-K,2020-01-29,2019-09-30,5244.9,,,,665.24,1.52,1.47,,,,,,,,,12.68,,,
NFLX,Netflix Inc,,2019,,10-K,2020-01-29,2018-06-30,3907.27,,,,384.35,0.88,0.85,,,,,,,,,9.84,,,
NFLX,Netflix Inc,,2019,,10-K,2020-01-29,2018-09-30,3999.37,,,,402.83,0.92,0.89,,,,,,,,,10.07,,,
NFLX,Netflix Inc,,2019,,10-Q,2019-07-19,2019-06-30,9444.11,,,1165.5,614.7,1.41,1.36,30171.34,5877.16,24065.79,6933.98,6105.55,-923.55,,,6.51,12.34,0.85,79.76
NFLX,Netflix Inc,,2018,,10-K,2019-01-29,2018-03-31,3700.86,,,446.58,290.12,0.67,0.64,,,,,,,,,7.84,12.07,,
NFLX,Netflix Inc,,2018,,10-K,2019-01-29,2017-03-31,2636.64,,,256.94,178.22,0.41,0.4,,,,,,,,,6.76,9.75,,
NFLX,Netflix Inc,,2018,,10-K,2019-01-29,2016-09-30,2290.19,,,106.04,,,,,,,,,,,,,4.63,,
NFLX,Netflix Inc,,2018,,10-K,2019-01-29,2016-12-31,8830.67,,,379.79,186.68,0.44,0.43,,,,,2679.8,-1473.98,,,2.11,4.3,,
NFLX,Netflix Inc,,2018,,10-K,2019-01-29,2018-12-31,15794.34,,,1605.23,1211.24,2.78,2.68,25974.4,9694.14,20735.63,6487.32,5238.77,-2680.48,,,7.67,10.16,1.49,79.83
NFLX,Netflix Inc,,2018,,10-Q,2018-10-18,2017-09-30,8406.96,,,593.38,373.41,0.87,0.84,,,,,,-1297.99,,,4.44,7.06,,
NFLX,Netflix Inc,,2018,,10-Q,2018-04-18,2017-03-31,2636.64,,,256.94,178.22,0.41,0.4,,,,,,-343.86,,,6.76,9.75,,
NFLX,Netflix Inc,,2018,,10-Q,2018-10-18,2018-09-30,11607.5,,,1389.46,1077.31,2.48,2.39,23366.23,8729.98,18356.58,6298.24,5009.65,-1445.41,,,9.28,11.97,1.39,78.56
NFLX,Netflix Inc,,2018,,10-Q,2018-04-18,2018-03-31,3700.86,,,446.58,290.12,0.67,0.64,20152.8,7817.58,16132.07,6005.59,4020.73,-236.76,,,7.84,12.07,1.3,80.05
NFLX,Netflix Inc,,2018,,10-Q,2018-07-18,2018-06-30,7608.13,,,908.79,674.47,1.55,1.5,22663.54,9346.89,18166.94,6079.64,4496.6,-755.0,,,8.87,11.95,1.54,80.16
NFLX,Netflix Inc,,2017,,10-K,2018-01-29,2016-03-31,1957.74,,,,27.66,0.06,0.06,,,,,,,,,1.41,,,
NFLX,Netflix Inc,,2017,,10-K,2018-01-29,2017-09-30,2984.86,,,,129.59,0.3,0.29,,,,,,,,,4.34,,,
NFLX,Netflix Inc,,2017,,10-K,2018-01-29,2017-06-30,2785.46,,,,65.6,0.15,0.15,,,,,,,,,2.36,,,
NFLX,Netflix Inc,,2017,,10-K,2018-01-29,2015-12-31,6779.51,,,305.83,122.64,0.29,0.28,,,,,2223.43,-749.44,,,1.81,4.51,,
NFLX,Netflix Inc,,2017,,10-K,2018-01-29,2017-12-31,11692.71,,,838.68,558.93,1.29,1.25,19012.74,7669.97,15430.79,5466.31,3581.96,-1785.95,,,4.78,7.17,1.4,81.16
NFLX,Netflix Inc,,2017,,10-Q,2017-07-19,2016-06-30,4062.94,,,119.82,68.41,0.16,0.16,,,,,,-454.88,,,1.68,2.95,,
NFLX,Netflix Inc,,2017,,10-Q,2017-10-18,2016-09-30,6353.13,,,225.86,119.93,0.28,0.27,,,,,,-916.82,,,1.89,3.56,,
NFLX,Netflix Inc,,2017,,10-Q,2017-07-19,2017-06-30,5422.1,,,384.75,243.82,0.57,0.55,16517.22,6700.78,13404.72,5122.94,3112.5,-878.38,,,4.5,7.1,1.31,81.16
NFLX,Netflix Inc,,2016,,10-K,2017-01-27,2015-06-30,1644.69,,,,26.34,0.06,0.06,,,,,,,,,1.6,,,
NFLX,Netflix Inc,,2016,,10-K,2017-01-27,2016-06-30,2105.2,,,,40.76,0.1,0.09,,,,,,,,,1.94,,,
NFLX,Netflix Inc,,2016,,10-Q,2016-04-20,2016-03-31,1957.74,,,49.45,27.66,0.06,0.06,11262.27,5543.84,8945.04,3933.63,2317.23,-228.59,,,1.41,2.53,1.41,79.42
NFLX,Netflix Inc,,2016,,10-Q,2016-07-19,2015-06-30,3217.82,,,172.29,50.03,0.12,0.12,,,,,,-308.73,,,1.55,5.35,,
NFLX,Netflix Inc,,2015,,10-K,2016-01-28,2014-03-31,1270.09,,,,53.12,0.13,0.12,,,,,,,,,4.18,,,
NFLX,Netflix Inc,,2015,,10-K,2016-01-28,2015-09-30,1738.36,,,,29.43,0.07,0.07,,,,,,,,,1.69,,,
NFLX,Netflix Inc,,2015,,10-K,2016-01-28,2014-06-30,1340.41,,,,71.02,0.17,0.16,,,,,,,,,5.3,,,
NFLX,Netflix Inc,,2015,,10-K,2016-01-28,2013-12-31,4374.56,,,228.35,112.4,0.28,0.26,,,,,1333.56,97.83,,,2.57,5.22,,
NFLX,Netflix Inc,,2015,,10-K,2016-01-28,2015-03-31,1573.13,,,,23.7,0.06,0.05,,,,,,,,,1.51,,,
NFLX,Netflix Inc,,2015,,10-Q,2015-04-17,2014-03-31,1270.09,,,97.59,53.12,0.89,0.86,,,,,,36.36,,,4.18,7.68,,
NFLX,Netflix Inc,,2015,,10-Q,2015-10-16,2015-09-30,4956.18,,,245.93,79.46,0.19,0.18,9916.27,5569.71,7748.95,3341.42,2167.32,-504.69,,,1.6,4.96,1.67,78.14
NFLX,Netflix Inc,,2015,,10-Q,2015-07-17,2014-06-30,2610.5,,,227.19,124.13,0.3,0.29,,,,,,92.38,,,4.76,8.7,,
NFLX,Netflix Inc,,2015,,10-Q,2015-04-17,2015-03-31,1573.13,,,97.46,23.7,0.39,0.38,9240.63,5539.06,7331.41,3008.85,1909.21,-127.38,,,1.51,6.2,1.84,79.34
NFLX,Netflix Inc,,2014,,10-K,2015-01-29,2014-09-30,1409.43,,,,59.3,0.99,0.96,,,,,,,,,4.21,,,
NFLX,Netflix Inc,,2014,,10-Q,2014-10-20,2014-09-30,4019.93,,,337.6,183.43,3.06,2.97,6778.33,3823.48,5053.45,2548.66,1724.87,54.94,,,4.56,8.4,1.5,74.55
NFLX,Netflix Inc,,2014,,10-Q,2014-10-20,2013-09-30,3199.33,,,146.06,63.98,1.11,1.06,,,,,,56.39,,,2.0,4.57,,
NFLX,Netflix Inc,,2013,,10-K,2014-02-03,2013-06-30,1069.37,,,,29.47,0.51,0.49,,,,,,,,,2.76,,,
NFLX,Netflix Inc,,2013,,10-K,2014-02-03,2013-03-31,1023.96,,,,2.69,0.05,0.05,,,,,,,,,0.26,,,
NFLX,Netflix Inc,,2013,,10-K,2014-02-03,2013-09-30,1106.0,,,,31.82,0.54,0.52,,,,,,,,,2.88,,,
NFLX,Netflix Inc,,2013,,10-K,2014-02-03,2012-06-30,889.16,,,,6.16,0.11,0.11,,,,,,,,,0.69,,,
NFLX,Netflix Inc,,2013,,10-K,2014-02-03,2011-12-31,3204.58,,,376.07,226.13,4.28,4.16,,,,,642.81,317.71,,,7.06,11.74,,
NFLX,Netflix Inc,,2013,,10-Q,2013-10-25,2012-09-30,2664.04,,,30.35,9.26,0.17,0.16,,,,,,35.59,,,0.35,1.14,,
NFLX,Netflix Inc,,2013,,10-Q,2013-04-26,2013-03-31,1023.96,,,31.82,2.69,0.05,0.05,4363.29,2557.1,3550.37,1688.71,812.92,-12.16,,,0.26,3.11,1.51,81.37
NFLX,Netflix Inc,,2013,,10-Q,2013-07-25,2013-06-30,2093.33,,,88.94,32.16,0.56,0.53,4480.75,2570.32,3375.13,1670.26,1105.62,21.69,,,1.54,4.25,1.54,75.33
NFLX,Netflix Inc,,2013,,10-Q,2013-04-26,2012-03-31,869.79,,,-1.94,-4.58,-0.08,-0.08,,,,,,19.11,,,-0.53,-0.22,,
NFLX,Netflix Inc,,2012,,10-K,2013-02-01,2011-03-31,718.55,,,,60.23,1.14,1.11,,,,,,,,,8.38,,,
NFLX,Netflix Inc,,2012,,10-K,2013-02-01,2011-09-30,821.84,,,,62.46,1.19,1.16,,,,,,,,,7.6,,,
NFLX,Netflix Inc,,2012,,10-K,2013-02-01,2012-09-30,905.09,,,,7.67,0.14,0.13,,,,,,,,,0.85,,,
NFLX,Netflix Inc,,2012,,10-K,2013-02-01,2012-03-31,869.79,,,,-4.58,-0.08,-0.08,,,,,,,,,-0.53,,,
NFLX,Netflix Inc,,2012,,10-Q,2012-08-02,2012-06-30,1758.95,,,14.22,1.58,0.03,0.03,3478.29,2137.78,2790.06,1498.84,688.23,38.8,,,0.09,0.81,1.43,80.21
NFLX,Netflix Inc,,2012,,10-Q,2012-08-02,2011-06-30,1507.16,,,217.35,128.45,2.44,2.37,,,,,,202.72,,,8.52,14.42,,
NFLX,Netflix Inc,,2012,,10-Q,2012-04-27,2011-03-31,718.55,,,102.24,60.23,1.14,1.11,,,,,,116.32,,,8.38,14.23,,
NFLX,Netflix Inc,,2012,,10-Q,2012-10-30,2011-09-30,2329.0,,,314.2,190.91,3.63,3.53,,,,,,252.25,,,8.2,13.49,,
NFLX,Netflix Inc,,2011,,10-K,2012-02-10,2010-06-30,519.82,,,,43.52,0.83,0.8,,,,,,,,,8.37,,,
NFLX,Netflix Inc,,2011,,10-K,2012-02-10,2011-06-30,788.61,,,,68.21,1.3,1.26,,,,,,,,,8.65,,,
NFLX,Netflix Inc,,2011,,10-K,2012-02-10,2010-03-31,493.67,,,,32.27,0.61,0.59,,,,,,,,,6.54,,,
NFLX,Netflix Inc,,2011,,10-K,2012-02-10,2010-09-30,553.22,,,,37.97,0.73,0.7,,,,,,,,,6.86,,,
NFLX,Netflix Inc,,2011,,10-Q,2011-07-27,2010-06-30,1013.48,,,135.69,75.79,1.44,1.39,,,,,,137.46,,,7.48,13.39,,
NFLX,Netflix Inc,,2010,,10-K,2011-02-18,2008-12-31,1364.66,,,121.51,83.03,1.36,1.32,,,,,347.15,284.04,,,6.08,8.9,,
NFLX,Netflix Inc,,2010,,10-Q,2010-04-28,2009-03-31,394.1,,,36.47,22.36,0.38,0.37,,,,,,65.63,,,5.67,9.25,,
NFLX,Netflix Inc,,2010,,10-Q,2010-04-28,2010-03-31,493.67,,,58.34,32.27,0.61,0.59,648.29,379.54,501.56,243.45,146.74,75.41,,,6.54,11.82,1.56,77.37
NFLX,Netflix Inc,,2010,,10-Q,2010-07-27,2009-06-30,802.61,,,89.25,54.81,0.94,0.91,,,,,,140.94,,,6.83,11.12,,
NFLX,Netflix Inc,,2010,,10-Q,2010-10-26,2010-09-30,1566.7,,,205.19,113.76,2.17,2.09,770.28,492.25,578.31,312.11,191.97,179.68,,,7.26,13.1,1.58,75.08
NFLX,Netflix Inc,,2009,,10-K,2010-02-22,2007-12-31,1205.34,,,91.77,66.61,0.99,0.97,,,,,429.81,277.42,,,5.53,7.61,,
NFLX,Netflix Inc,,2009,,10-Q,2009-10-26,2008-09-30,1005.07,,,83.58,60.29,0.98,0.95,,,,,,191.94,,,6.0,8.32,,
NFLX,Netflix Inc,,2009,,10-Q,2009-07-31,2008-06-30,663.8,,,49.51,39.92,0.64,0.62,,,,,,131.44,,,6.01,7.46,,
NFLX,Netflix Inc,,2009,,10-Q,2009-10-26,2009-09-30,1225.73,,,138.59,84.95,1.48,1.43,492.13,234.96,259.93,203.52,232.2,219.25,,,6.93,11.31,1.15,52.82
NVDA,NVIDIA Corp,,2026,,10-Q,2025-05-28,2025-04-27,44062.0,,,21638.0,18775.0,0.77,0.76,125254.0,89935.0,41411.0,26542.0,83843.0,27414.0,,,42.61,49.11,3.39,33.06
NVDA,NVIDIA Corp,,2026,,10-Q,2025-05-28,2024-04-28,26044.0,,,16909.0,14881.0,0.6,0.6,,,,,49142.0,15345.0,,,57.14,64.92,,
NVDA,NVIDIA Corp,,2025,,10-K,2025-02-26,2025-01-26,130497.0,,,81453.0,72880.0,2.97,2.94,111601.0,80126.0,32274.0,18047.0,79327.0,64089.0,,,55.85,62.42,4.44,28.92
NVDA,NVIDIA Corp,,2025,,10-K,2025-02-26,2024-01-28,60922.0,,,32972.0,29760.0,1.21,1.19,65728.0,44345.0,22750.0,10631.0,42978.0,28090.0,,,48.85,54.12,4.17,34.61
NVDA,NVIDIA Corp,,2025,,10-K,2025-02-26,2023-01-29,26974.0,,,4224.0,4368.0,0.18,0.17,,,,,22101.0,5641.0,,,16.19,15.66,,
NVDA,NVIDIA Corp,,2025,,10-Q,2024-08-28,2024-07-28,56084.0,,,35551.0,31480.0,1.28,1.27,85227.0,59633.0,27070.0,13969.0,58157.0,29833.0,,,56.13,63.39,4.27,31.76
NVDA,NVIDIA Corp,,2025,,10-Q,2024-11-20,2024-10-27,91166.0,,,57419.0,50789.0,2.07,2.04,96013.0,67640.0,30114.0,16479.0,65899.0,47460.0,,,55.71,62.98,4.1,31.36
NVDA,NVIDIA Corp,,2024,,10-K,2024-02-21,2022-01-30,26914.0,,,10041.0,9752.0,3.91,3.85,,,,,26612.0,9108.0,,,36.23,37.31,,
NVDA,NVIDIA Corp,,2024,,10-Q,2023-08-28,2023-07-30,20699.0,,,8941.0,8232.0,3.33,3.3,49555.0,28797.0,22054.0,10334.0,27501.0,9259.0,,,39.77,43.2,2.79,44.5
NVDA,NVIDIA Corp,,2024,,10-Q,2023-11-21,2023-10-29,38819.0,,,19358.0,17475.0,7.07,7.01,54148.0,32658.0,20883.0,9101.0,33265.0,16591.0,,,45.02,49.87,3.59,38.57
NVDA,NVIDIA Corp,,2024,,10-Q,2023-05-26,2023-04-30,7192.0,,,2140.0,2043.0,0.83,0.82,44460.0,24883.0,19940.0,7260.0,24520.0,2911.0,,,28.41,29.76,3.43,44.85
NVDA,NVIDIA Corp,,2023,,10-K,2023-02-24,2021-01-31,16675.0,,,4532.0,4332.0,1.76,1.73,,,,,16893.0,5822.0,,,25.98,27.18,,
NVDA,NVIDIA Corp,,2023,,10-Q,2022-11-18,2022-10-30,20923.0,,,2968.0,2954.0,1.18,1.17,40488.0,23223.0,19139.0,6855.0,21349.0,3393.0,,,14.12,14.19,3.39,47.27
NVDA,NVIDIA Corp,,2023,,10-Q,2022-05-27,2022-05-01,8288.0,,,1868.0,1618.0,0.65,0.64,45212.0,29575.0,18892.0,5562.0,26320.0,1731.0,,,19.52,22.54,5.32,41.79
NVDA,NVIDIA Corp,,2023,,10-Q,2022-08-31,2022-07-31,14992.0,,,2367.0,2274.0,0.91,0.9,43476.0,27418.0,19625.0,7573.0,23851.0,3001.0,,,15.17,15.79,3.62,45.14
NVDA,NVIDIA Corp,,2023,,10-Q,2022-11-18,2021-10-31,19271.0,,,7071.0,6749.0,2.71,2.67,,,,,23798.0,6075.0,,,35.02,36.69,,
NVDA,NVIDIA Corp,,2022,,10-Q,2021-05-26,2020-04-26,3080.0,,,976.0,917.0,1.49,1.47,,,,,13099.0,909.0,,,29.77,31.69,,
NVDA,NVIDIA Corp,,2022,,10-Q,2021-11-22,2020-10-25,11672.0,,,3025.0,2875.0,1.17,1.15,,,,,15334.0,3755.0,,,24.63,25.92,,
NVDA,NVIDIA Corp,,2022,,10-Q,2021-05-26,2021-05-02,5661.0,,,1956.0,1912.0,3.08,3.03,30796.0,18127.0,12022.0,4004.0,18774.0,1874.0,,,33.77,34.55,4.53,39.04
NVDA,NVIDIA Corp,,2022,,10-Q,2021-08-20,2020-07-26,6946.0,,,1627.0,1539.0,0.63,0.62,,,,,13914.0,2476.0,,,22.16,23.42,,
NVDA,NVIDIA Corp,,2022,,10-Q,2021-08-20,2021-08-01,12168.0,,,4400.0,4285.0,1.72,1.69,38650.0,25806.0,17503.0,4448.0,21147.0,4556.0,,,35.22,36.16,5.8,45.29
NVDA,NVIDIA Corp,,2021,,10-K,2021-02-26,2020-01-26,10918.0,,,2846.0,2796.0,4.59,4.52,17315.0,13690.0,5111.0,1784.0,12204.0,4761.0,,,25.61,26.07,7.67,29.52
NVDA,NVIDIA Corp,,2021,,10-Q,2020-11-18,2019-10-27,7813.0,,,1856.0,1845.0,3.03,2.99,,,,,11214.0,3296.0,,,23.61,23.76,,
NVDA,NVIDIA Corp,,2020,,10-K,2020-02-20,2019-10-27,3014.0,,,,899.0,1.47,1.45,,,,,,,,,29.83,,,
NVDA,NVIDIA Corp,,2020,,10-K,2020-02-20,2019-07-28,2579.0,,,,552.0,0.91,0.9,,,,,,,,,21.4,,,
NVDA,NVIDIA Corp,,2020,,10-K,2020-02-20,2019-04-28,2220.0,,,,394.0,0.65,0.64,,,,,,,,,17.75,,,
NVDA,NVIDIA Corp,,2020,,10-Q,2019-11-14,2018-10-28,9511.0,,,3510.0,3575.0,5.88,5.71,,,,,9475.0,2845.0,,,37.59,36.9,,
NVDA,NVIDIA Corp,,2020,,10-Q,2019-05-16,2019-04-28,2220.0,,,358.0,394.0,0.65,0.64,14021.0,10629.0,4317.0,1183.0,9704.0,720.0,,,17.75,16.13,8.98,30.79
NVDA,NVIDIA Corp,,2020,,10-Q,2019-08-15,2018-07-29,6330.0,,,2452.0,2345.0,3.86,3.74,,,,,8795.0,2358.0,,,37.05,38.74,,
NVDA,NVIDIA Corp,,2020,,10-Q,2019-05-16,2018-04-29,3207.0,,,1295.0,1244.0,2.05,1.98,,,,,7717.0,1445.0,,,38.79,40.38,,
NVDA,NVIDIA Corp,,2019,,10-K,2019-02-21,2017-10-29,2636.0,,,,838.0,1.39,1.33,,,,,,,,,31.79,,,
NVDA,NVIDIA Corp,,2019,,10-K,2019-02-21,2017-04-30,1937.0,,,,507.0,0.86,0.79,,,,,,,,,26.17,,,
NVDA,NVIDIA Corp,,2019,,10-K,2019-02-21,2018-10-28,3181.0,,,,1230.0,2.02,1.97,,,,,,,,,38.67,,,
NVDA,NVIDIA Corp,,2019,,10-K,2019-02-21,2018-04-29,3207.0,,,,1244.0,2.05,1.98,,,,,,,,,38.79,,,
NVDA,NVIDIA Corp,,2019,,10-K,2019-02-21,2018-07-29,3123.0,,,,1101.0,1.81,1.76,,,,,,,,,35.25,,,
NVDA,NVIDIA Corp,,2018,,10-K,2018-02-28,2017-07-30,2230.0,,,,583.0,0.98,0.92,,,,,,,,,26.14,,,
NVDA,NVIDIA Corp,,2018,,10-K,2018-02-28,2016-10-30,2004.0,,,,542.0,1.01,0.83,,,,,,,,,27.05,,,
NVDA,NVIDIA Corp,,2018,,10-K,2018-02-28,2016-05-01,1305.0,,,,208.0,0.39,0.35,,,,,,,,,15.94,,,
NVDA,NVIDIA Corp,,2018,,10-Q,2017-05-23,2017-04-30,1937.0,,,554.0,507.0,0.86,0.79,9410.0,8116.0,3271.0,983.0,6132.0,282.0,,,26.17,28.6,8.26,34.76
NVDA,NVIDIA Corp,,2018,,10-Q,2017-08-23,2017-07-30,4167.0,,,1242.0,1091.0,1.83,1.71,9402.0,8070.0,3427.0,1032.0,5973.0,987.0,,,26.18,29.81,7.82,36.45
NVDA,NVIDIA Corp,,2018,,10-Q,2017-11-21,2017-10-29,6803.0,,,2137.0,1928.0,3.23,3.05,9830.0,8479.0,3477.0,1027.0,6352.0,2144.0,,,28.34,31.41,8.26,35.37
NVDA,NVIDIA Corp,,2018,,10-Q,2017-05-23,2016-05-01,1305.0,,,245.0,208.0,0.39,0.35,,,,,,319.0,,,15.94,18.77,,
NVDA,NVIDIA Corp,,2017,,10-K,2017-03-01,2015-01-25,4682.0,,,759.0,631.0,1.14,1.12,,,,,4418.0,906.0,,,13.48,16.21,,
NVDA,NVIDIA Corp,,2017,,10-K,2017-03-01,2016-07-31,1428.0,,,,469.0,0.88,0.76,,,,,,519.0,,,32.84,,,
NVDA,NVIDIA Corp,,2017,,10-K,2017-03-01,2015-07-26,1153.0,,,,26.0,0.05,0.05,,,,,,,,,2.25,,,
NVDA,NVIDIA Corp,,2017,,10-Q,2016-11-22,2016-10-30,4737.0,,,1201.0,1012.0,1.89,1.59,9612.0,8307.0,4243.0,2041.0,5324.0,951.0,,,21.36,25.35,4.07,44.14
NVDA,NVIDIA Corp,,2017,,10-Q,2016-08-23,2016-07-31,2733.0,,,561.0,449.0,0.84,0.73,7461.0,6156.0,2909.0,2407.0,4480.0,493.0,,,16.43,20.53,2.56,38.99
NVDA,NVIDIA Corp,,2017,,10-Q,2016-08-23,2015-07-26,2304.0,,,250.0,160.0,0.29,0.28,,,,,,409.0,,,6.94,10.85,,
NVDA,NVIDIA Corp,,2016,,10-K,2016-03-17,2015-04-26,1151.0,,,,134.0,0.24,0.24,,,,,,,,,11.64,,,
NVDA,NVIDIA Corp,,2016,,10-K,2016-03-17,2014-07-27,1103.0,,,,128.0,0.23,0.22,,,,,,,,,11.6,,,
NVDA,NVIDIA Corp,,2016,,10-K,2016-03-17,2015-10-25,1305.0,,,,247.0,0.45,0.44,,,,,,,,,18.93,,,
NVDA,NVIDIA Corp,,2016,,10-K,2016-03-17,2014-04-27,1103.0,,,,137.0,0.24,0.24,,,,,,,,,12.42,,,
NVDA,NVIDIA Corp,,2016,,10-K,2016-03-17,2014-10-26,1225.0,,,,173.0,0.32,0.31,,,,,,,,,14.12,,,
NVDA,NVIDIA Corp,,2016,,10-Q,2015-11-18,2015-10-25,3609.0,,,495.0,406.0,0.75,0.72,7174.0,5834.0,,855.0,4465.0,664.0,,,11.25,13.72,6.82,
NVDA,NVIDIA Corp,,2016,,10-Q,2015-05-20,2015-04-26,1151.0,,,176.0,134.0,0.24,0.24,7291.0,5832.0,,883.0,4556.0,246.0,,,11.64,15.29,6.6,
NVDA,NVIDIA Corp,,2016,,10-Q,2015-05-20,2014-04-27,1103.0,,,151.0,137.0,0.24,0.24,,,,,,151.0,,,12.42,13.69,,
NVDA,NVIDIA Corp,,2015,,10-K,2015-03-12,2013-04-28,954.74,,,,77.89,0.13,0.13,,,,,,,,,8.16,,,
NVDA,NVIDIA Corp,,2015,,10-K,2015-03-12,2013-07-28,977.24,,,,96.45,0.16,0.16,,,,,,,,,9.87,,,
NVDA,NVIDIA Corp,,2015,,10-K,2015-03-12,2013-10-27,1053.97,,,,118.73,0.2,0.2,,,,,,,,,11.27,,,
NVDA,NVIDIA Corp,,2015,,10-Q,2014-08-20,2013-07-28,1931.98,,,188.31,174.34,0.29,0.29,,,,,,272.12,,,9.02,9.75,,
NVDA,NVIDIA Corp,,2015,,10-Q,2014-11-19,2013-10-27,2985.94,,,329.3,293.07,0.49,0.49,,,,,,434.43,,,9.82,11.03,,
NVDA,NVIDIA Corp,,2015,,10-Q,2014-08-20,2014-07-27,2205.61,,,314.54,264.49,0.47,0.46,6933.72,5377.59,,868.73,4304.79,247.3,,,11.99,14.26,6.19,
NVDA,NVIDIA Corp,,2015,,10-Q,2014-11-19,2014-10-26,3430.99,,,527.85,437.46,0.79,0.77,6885.87,5341.11,,933.91,4204.59,462.93,,,12.75,15.38,5.72,
NVDA,NVIDIA Corp,,2013,,10-K,2014-03-13,2012-04-29,924.88,,,,60.44,0.1,0.1,,,,,,,,,6.53,,,
NVDA,NVIDIA Corp,,2013,,10-K,2014-03-13,2012-10-28,1204.11,,,,209.08,0.34,0.33,,,,,,,,,17.36,,,
NVDA,NVIDIA Corp,,2013,,10-Q,2013-05-22,2013-04-28,954.74,,,82.78,77.89,0.13,0.13,6279.53,4606.62,,925.58,4824.94,175.65,,,8.16,8.67,4.98,
NVDA,NVIDIA Corp,,2012,,10-K,2013-03-12,2012-07-29,1044.27,,,,119.05,0.19,0.19,,,,,,,,,11.4,,,
NVDA,NVIDIA Corp,,2012,,10-K,2013-03-12,2011-01-30,3543.31,,,255.75,253.15,0.44,0.43,,,,,3181.46,675.8,,,7.14,7.22,,
NVDA,NVIDIA Corp,,2012,,10-K,2013-03-12,2012-01-29,3997.93,,,648.3,581.09,0.96,0.94,5552.93,3905.36,,929.96,4145.72,909.16,,,14.53,16.22,4.2,
NVDA,NVIDIA Corp,,2012,,10-K,2013-03-12,2013-01-27,4280.16,,,648.24,562.54,0.91,0.9,6412.24,4775.26,,976.22,4827.7,824.17,,,13.14,15.15,4.89,
NVDA,NVIDIA Corp,,2012,,10-Q,2012-11-19,2012-10-28,3173.26,,,464.67,388.56,0.63,0.62,6075.14,4424.83,,991.36,4722.85,373.16,,,12.24,14.64,4.46,
NVDA,NVIDIA Corp,,2012,,10-Q,2012-08-22,2012-07-29,1969.15,,,212.45,179.48,0.29,0.29,5891.88,4213.85,,1021.96,4453.66,191.68,,,9.11,10.79,4.12,
NVDA,NVIDIA Corp,,2012,,10-Q,2012-11-19,2011-10-30,3044.74,,,525.98,465.06,0.77,0.76,,,,,,498.64,,,15.27,17.28,,
NVDA,NVIDIA Corp,,2012,,10-Q,2012-05-23,2012-04-29,924.88,,,72.83,60.44,0.1,0.1,5708.17,4032.12,,947.4,4287.43,-9.21,,,6.53,7.87,4.26,
NVDA,NVIDIA Corp,,2011,,10-K,2012-03-13,2010-07-31,811.21,,,,-140.96,-0.25,-0.25,,,,,,,,,-17.38,,,
NVDA,NVIDIA Corp,,2011,,10-K,2012-03-13,2010-10-31,843.91,,,,84.86,0.15,0.15,,,,,,,,,10.06,,,
NVDA,NVIDIA Corp,,2011,,10-K,2012-03-13,2011-05-01,962.04,,,,135.22,0.23,0.22,,,,,,,,,14.06,,,
NVDA,NVIDIA Corp,,2011,,10-K,2012-03-13,2011-10-30,1066.18,,,,178.27,0.29,0.29,,,,,,,,,16.72,,,
NVDA,NVIDIA Corp,,2011,,10-K,2012-03-13,2011-07-31,1016.52,,,,151.57,0.25,0.25,,,,,,,,,14.91,,,
NVDA,NVIDIA Corp,,2011,,10-Q,2011-11-22,2010-10-31,2656.93,,,75.97,81.5,0.14,0.14,,,,,,241.12,,,3.07,2.86,,
NVDA,NVIDIA Corp,,2011,,10-Q,2011-08-25,2011-07-31,1978.56,,,328.89,286.79,0.48,0.47,4864.42,3317.56,,960.3,3689.47,254.22,,,14.5,16.62,3.45,
NVDA,NVIDIA Corp,,2011,,10-Q,2011-05-27,2011-05-01,962.04,,,154.86,135.22,0.23,0.22,4736.74,3496.76,,981.17,3447.81,172.2,,,14.06,16.1,3.56,
NVDA,NVIDIA Corp,,2010,,10-K,2011-03-16,2009-10-25,903.21,,,,107.58,0.2,0.19,,,,,,,,,11.91,,,
NVDA,NVIDIA Corp,,2010,,10-K,2011-03-16,2009-04-26,664.23,,,,-201.34,-0.37,-0.37,,,,,,,,,-30.31,,,
NVDA,NVIDIA Corp,,2010,,10-K,2010-03-18,2008-01-27,4097.86,,,836.35,797.64,1.45,1.31,,,,,2617.91,1270.2,,,19.46,20.41,,
NVDA,NVIDIA Corp,,2010,,10-K,2011-03-16,2010-08-01,811.21,,,,-140.96,-0.25,-0.25,,,,,,,,,-17.38,,,
NVDA,NVIDIA Corp,,2010,,10-K,2011-03-16,2009-07-26,776.52,,,,-105.3,-0.19,-0.19,,,,,,,,,-13.56,,,
NVDA,NVIDIA Corp,,2010,,10-K,2011-03-16,2010-05-02,1001.81,,,,137.59,0.24,0.23,,,,,,,,,13.73,,,
NVDA,NVIDIA Corp,,2010,,10-Q,2010-05-21,2009-04-26,664.23,,,-230.97,-201.34,-0.37,-0.37,,,,,,142.13,,,-30.31,-34.77,,
NVDA,NVIDIA Corp,,2010,,10-Q,2010-05-21,2010-05-02,1001.81,,,147.39,137.59,0.24,0.23,3803.03,2726.98,,765.29,2860.64,-5.4,,,13.73,14.71,3.56,
NVDA,NVIDIA Corp,,2010,,10-Q,2010-08-30,2010-08-01,1813.02,,,-27.81,-3.37,-0.01,-0.01,3731.27,2655.96,,819.14,2760.51,28.95,,,-0.19,-1.53,3.24,
NVDA,NVIDIA Corp,,2009,,10-Q,2009-08-20,2008-07-27,2046.06,,,47.59,55.88,0.1,0.09,,,,,,226.2,,,2.73,2.33,,
NVDA,NVIDIA Corp,,2009,,10-Q,2009-11-19,2009-10-25,2343.96,,,-233.23,-199.06,-0.36,-0.36,3463.57,2357.72,,888.81,2423.64,418.56,,,-8.49,-9.95,2.65,
NVDA,NVIDIA Corp,,2009,,10-Q,2009-08-20,2009-07-26,1440.75,,,-341.07,-306.64,-0.56,-0.56,3298.41,2167.91,,891.32,2247.41,277.25,,,-21.28,-23.67,2.43,
NVDA,NVIDIA Corp,,2009,,10-Q,2009-11-19,2008-10-26,2943.72,,,104.38,117.62,0.21,0.2,,,,,,269.2,,,4.0,3.55,,
TSLA,Tesla Inc,,2025,,10-Q,2025-04-23,2025-03-31,19335.0,,,399.0,409.0,0.13,0.12,125111.0,59389.0,49693.0,29753.0,74653.0,2156.0,,,2.12,2.06,2.0,39.72
TSLA,Tesla Inc,,2025,,10-Q,2025-04-23,2024-03-31,21301.0,,,1171.0,1390.0,0.45,0.41,,,,,,242.0,,,6.53,5.5,,
TSLA,Tesla Inc,,2024,,10-K,2025-01-30,2024-12-31,97690.0,,,7076.0,7091.0,2.23,2.04,122070.0,58360.0,48390.0,28821.0,72913.0,14923.0,,,7.26,7.24,2.02,39.64
TSLA,Tesla Inc,,2024,,10-Q,2024-07-24,2024-06-30,46801.0,,,2776.0,2607.0,0.83,0.76,112832.0,52977.0,45569.0,27729.0,66468.0,3854.0,,,5.57,5.93,1.91,40.39
TSLA,Tesla Inc,,2024,,10-Q,2024-10-24,2024-09-30,71983.0,,,5493.0,4774.0,1.51,1.38,119852.0,56379.0,49142.0,30577.0,69931.0,10109.0,,,6.63,7.63,1.84,41.0
TSLA,Tesla Inc,,2024,,10-Q,2024-07-24,2023-06-30,48256.0,,,5063.0,5216.0,1.65,1.5,,,,,,5578.0,,,10.81,10.49,,
TSLA,Tesla Inc,,2023,,10-K,2024-01-29,2022-12-31,81462.0,,,13656.0,12556.0,4.02,3.62,82338.0,40917.0,36440.0,26709.0,44704.0,14724.0,,,15.41,16.76,1.53,44.26
TSLA,Tesla Inc,,2023,,10-K,2024-01-29,2023-12-31,96773.0,,,8891.0,14997.0,4.73,4.3,106618.0,49616.0,43009.0,28748.0,62634.0,13256.0,,,15.5,9.19,1.73,40.34
TSLA,Tesla Inc,,2023,,10-Q,2023-04-24,2023-03-31,23329.0,,,2664.0,2513.0,0.8,0.73,86833.0,42997.0,37598.0,27436.0,48054.0,2513.0,,,10.77,11.42,1.57,43.3
TSLA,Tesla Inc,,2023,,10-Q,2023-10-23,2022-09-30,57144.0,,,9755.0,8869.0,2.84,2.55,,,,,,11446.0,,,15.52,17.07,,
TSLA,Tesla Inc,,2023,,10-Q,2023-07-24,2022-06-30,35690.0,,,6067.0,5577.0,1.79,1.61,,,,,,6346.0,,,15.63,17.0,,
TSLA,Tesla Inc,,2023,,10-Q,2023-10-23,2023-09-30,71606.0,,,6827.0,7069.0,2.23,2.03,93941.0,45026.0,39446.0,26640.0,53466.0,8886.0,,,9.87,9.53,1.69,41.99
TSLA,Tesla Inc,,2022,,10-K,2023-01-31,2020-12-31,31536.0,,,1994.0,721.0,0.25,0.21,,,,,,5943.0,,,2.29,6.32,,
TSLA,Tesla Inc,,2022,,10-Q,2022-07-25,2021-06-30,22347.0,,,1906.0,1580.0,1.64,1.41,,,,,,3765.0,,,7.07,8.53,,
TSLA,Tesla Inc,,2022,,10-Q,2022-04-25,2022-03-31,18756.0,,,3603.0,3318.0,3.2,2.86,66038.0,29050.0,30632.0,21455.0,34085.0,3995.0,,,17.69,19.21,1.35,46.39
TSLA,Tesla Inc,,2021,,10-K,2022-02-07,2021-12-31,53823.0,,,6523.0,5519.0,5.6,4.9,62131.0,27100.0,30548.0,19705.0,30189.0,11497.0,,,10.25,12.12,1.38,49.17
TSLA,Tesla Inc,,2021,,10-Q,2021-04-28,2021-03-31,10389.0,,,594.0,438.0,0.46,0.39,52972.0,24705.0,28507.0,14877.0,23017.0,1641.0,,,4.22,5.72,1.66,53.82
TSLA,Tesla Inc,,2021,,10-Q,2021-10-25,2021-09-30,36104.0,,,3910.0,3198.0,3.27,2.84,57834.0,25002.0,29340.0,18051.0,27053.0,6912.0,,,8.86,10.83,1.39,50.73
TSLA,Tesla Inc,,2020,,10-K,2021-02-08,2020-09-30,8771.0,,,,331.0,,,,,,,,,,,3.77,,,
TSLA,Tesla Inc,,2020,,10-K,2021-02-08,2020-06-30,6036.0,,,,104.0,,,,,,,,,,,1.72,,,
TSLA,Tesla Inc,,2020,,10-K,2021-02-08,2019-03-31,4541.0,,,,-702.0,,,,,,,,,,,-15.46,,,
TSLA,Tesla Inc,,2020,,10-K,2021-02-08,2019-12-31,24578.0,,,-69.0,-862.0,-0.98,-0.98,34309.0,12103.0,26199.0,10667.0,6618.0,2405.0,,,-3.51,-0.28,1.13,76.36
TSLA,Tesla Inc,,2020,,10-K,2021-02-08,2020-03-31,5985.0,,,,16.0,,,,,,,,,,,0.27,,,
TSLA,Tesla Inc,,2020,,10-K,2021-02-08,2019-06-30,6350.0,,,,-408.0,,,,,,,,,,,-6.43,,,
TSLA,Tesla Inc,,2020,,10-Q,2020-07-28,2020-06-30,12021.0,,,610.0,120.0,0.65,0.59,38135.0,15336.0,26754.0,12270.0,9855.0,524.0,,,1.0,5.07,1.25,70.16
TSLA,Tesla Inc,,2020,,10-Q,2020-10-26,2020-09-30,20792.0,,,1419.0,451.0,0.45,0.4,45691.0,21744.0,28143.0,13302.0,16031.0,2924.0,,,2.17,6.82,1.63,61.59
TSLA,Tesla Inc,,2020,,10-Q,2020-10-26,2019-09-30,17194.0,,,-428.0,-967.0,-1.11,-1.11,,,,,,980.0,,,-5.62,-2.49,,
TSLA,Tesla Inc,,2020,,10-Q,2020-04-30,2019-03-31,4541.0,,,-522.0,-702.0,-4.1,-4.1,,,,,,-640.0,,,-15.46,-11.5,,
TSLA,Tesla Inc,,2020,,10-Q,2020-04-30,2020-03-31,5985.0,,,283.0,16.0,0.09,0.08,37250.0,14893.0,26518.0,11986.0,9173.0,-440.0,,,0.27,4.73,1.24,71.19
TSLA,Tesla Inc,,2019,,10-K,2020-02-13,2019-09-30,6303.0,,,,143.0,,,,,,,,,,,2.27,,,
TSLA,Tesla Inc,,2019,,10-K,2020-02-13,2018-06-30,4002.0,,,,-718.0,,,,,,,,,,,-17.94,,,
TSLA,Tesla Inc,,2019,,10-K,2020-02-13,2018-09-30,6824.0,,,,311.0,,,,,,,,,,,4.56,,,
TSLA,Tesla Inc,,2019,,10-Q,2019-07-29,2019-06-30,10891.14,,,-689.29,-1110.47,-6.4,-6.4,31872.6,10181.95,24722.14,9588.77,5715.39,224.0,,,-10.2,-6.33,1.06,77.57
TSLA,Tesla Inc,,2018,,10-K,2019-02-19,2018-03-31,3408.75,,,,-709.55,,,,,,,,,,,-20.82,,,
TSLA,Tesla Inc,,2018,,10-K,2019-02-19,2017-03-31,2696.27,,,,-330.28,,,,,,,,,,,-12.25,,,
TSLA,Tesla Inc,,2018,,10-K,2019-02-19,2016-12-31,7000.13,,,-667.34,-674.91,-4.68,-4.68,,,,,,-123.83,,,-9.64,-9.53,,
TSLA,Tesla Inc,,2018,,10-K,2019-02-19,2018-12-31,21461.27,,,-388.07,-976.09,-5.72,-5.72,29739.61,8306.31,23426.01,9992.14,4923.24,2097.8,,,-4.55,-1.81,0.83,78.77
TSLA,Tesla Inc,,2018,,10-Q,2018-11-02,2017-09-30,8470.5,,,-1033.94,-1286.05,-7.8,-7.8,,,,,,-570.54,,,-15.18,-12.21,,
TSLA,Tesla Inc,,2018,,10-Q,2018-05-07,2017-03-31,2696.27,,,-257.55,-330.28,-2.04,-2.04,,,,,,,,,-12.25,-9.55,,
TSLA,Tesla Inc,,2018,,10-Q,2018-11-02,2018-09-30,14235.4,,,-801.61,-1115.57,-6.56,-6.56,29262.71,7920.49,23409.14,9775.32,4508.84,863.24,,,-7.84,-5.63,0.81,80.0
TSLA,Tesla Inc,,2018,,10-Q,2018-05-07,2018-03-31,3408.75,,,-596.97,-709.55,-4.19,-4.19,27271.43,6383.92,21551.02,8650.36,4450.69,,,,-20.82,-17.51,0.74,79.02
TSLA,Tesla Inc,,2018,,10-Q,2018-08-06,2018-06-30,7410.98,,,-1218.37,-1427.09,-8.42,-8.42,27910.0,6699.8,22642.89,9141.36,3906.42,-528.04,,,-19.26,-16.44,0.73,81.13
TSLA,Tesla Inc,,2017,,10-K,2018-02-23,2016-03-31,1147.05,,,,-282.27,,,,,,,,,,,-24.61,,,
TSLA,Tesla Inc,,2017,,10-K,2018-02-23,2017-09-30,2984.68,,,,-619.38,,,,,,,,,,,-20.75,,,
TSLA,Tesla Inc,,2017,,10-K,2018-02-23,2017-06-30,2789.56,,,,-336.4,,,,,,,,,,,-12.06,,,
TSLA,Tesla Inc,,2017,,10-K,2018-02-23,2015-12-31,4046.03,,,-716.63,-888.66,-6.93,-6.93,,,,,,,,,-21.96,-17.71,,
TSLA,Tesla Inc,,2017,,10-K,2018-02-23,2017-12-31,11758.75,,,-1632.09,-1961.4,-11.83,-11.83,28655.37,6570.52,23022.98,7674.67,4237.24,,,,-16.68,-13.88,0.86,80.34
TSLA,Tesla Inc,,2017,,10-Q,2017-08-04,2016-06-30,2417.07,,,-486.26,-575.46,,,,,,,,,,,-23.81,-20.12,,
TSLA,Tesla Inc,,2017,,10-Q,2017-11-03,2016-09-30,4715.5,,,-400.64,-553.58,-3.94,-3.94,,,,,,,,,-11.74,-8.5,,
TSLA,Tesla Inc,,2017,,10-Q,2017-08-04,2017-06-30,5485.83,,,-498.46,-666.67,,,26043.71,6359.44,19459.9,6546.35,5105.75,,,,-12.15,-9.09,0.97,74.72
TSLA,Tesla Inc,,2016,,10-K,2017-03-01,2016-09-30,2298.44,,,,21.88,,,,,,,,,,,0.95,,,
TSLA,Tesla Inc,,2016,,10-K,2017-03-01,2015-06-30,954.98,,,,-184.23,,,,,,,,,,,-19.29,,,
TSLA,Tesla Inc,,2016,,10-K,2017-03-01,2016-06-30,1270.02,,,,-293.19,,,,,,,,,,,-23.09,,,
TSLA,Tesla Inc,,2016,,10-Q,2016-05-10,2016-03-31,1147.05,,,-248.22,-282.27,,,9191.7,3239.54,8178.71,3187.7,970.37,,,,-24.61,-21.64,1.02,88.98
TSLA,Tesla Inc,,2016,,10-Q,2016-08-05,2015-06-30,1894.86,,,-272.63,-338.41,,,,,,,,,,,-17.86,-14.39,,
TSLA,Tesla Inc,,2015,,10-K,2016-02-24,2014-03-31,620.54,,,,-49.8,,,,,,,,,,,-8.03,,,
TSLA,Tesla Inc,,2015,,10-K,2016-02-24,2015-09-30,936.79,,,,-229.86,,,,,,,,,,,-24.54,,,
TSLA,Tesla Inc,,2015,,10-K,2016-02-24,2014-06-30,769.35,,,,-61.9,,,,,,,,,,,-8.05,,,
TSLA,Tesla Inc,,2015,,10-K,2016-02-24,2013-12-31,2013.5,,,-61.28,-74.01,,,,,,,667.12,,,,-3.68,-3.04,,
TSLA,Tesla Inc,,2015,,10-K,2016-02-24,2015-03-31,939.88,,,,-154.18,,,,,,,,,,,-16.4,,,
TSLA,Tesla Inc,,2015,,10-K,2016-02-24,2014-12-31,3198.36,,,-186.69,-294.04,,,5830.67,3180.07,4860.76,2107.17,911.71,,,,-9.19,-5.84,1.51,83.37
TSLA,Tesla Inc,,2015,,10-Q,2015-05-11,2014-03-31,620.54,,,-43.97,-49.8,,,,,,,,,,,-8.03,-7.09,,
TSLA,Tesla Inc,,2015,,10-Q,2015-11-05,2015-09-30,2831.64,,,-456.3,-568.27,,,7547.5,2998.8,6186.66,2553.77,1314.66,,,,-20.07,-16.11,1.17,81.97
TSLA,Tesla Inc,,2015,,10-Q,2015-08-07,2014-06-30,1389.89,,,-72.72,-111.7,,,,,,,,,,,-8.04,-5.23,,
TSLA,Tesla Inc,,2015,,10-Q,2015-05-11,2015-03-31,939.88,,,-102.45,-154.18,,,6120.03,2921.42,5239.76,2192.38,826.0,,,,-16.4,-10.9,1.33,85.62
TSLA,Tesla Inc,,2014,,10-K,2015-02-26,2014-09-30,851.8,,,,-74.71,,,,,,,,,,,-8.77,,,
TSLA,Tesla Inc,,2014,,10-Q,2014-11-07,2014-09-30,2241.7,,,-111.85,-186.41,,,5437.53,3362.91,4417.28,1839.78,958.09,,,,-8.32,-4.99,1.83,81.24
TSLA,Tesla Inc,,2014,,10-Q,2014-11-07,2013-09-30,1398.28,,,-47.93,-57.75,,,,,,,,,,,-4.13,-3.43,,
TSLA,Tesla Inc,,2013,,10-K,2014-02-26,2013-06-30,405.14,,,,-30.5,,,,,,,,,,,-7.53,,,
TSLA,Tesla Inc,,2013,,10-K,2014-02-26,2013-03-31,561.79,,,,11.25,,,,,,,,,,,2.0,,,
TSLA,Tesla Inc,,2013,,10-K,2014-02-26,2013-09-30,431.35,,,,-38.5,,,,,,,,,,,-8.92,,,
TSLA,Tesla Inc,,2013,,10-K,2014-02-26,2012-06-30,26.65,,,,-105.6,,,,,,,,,,,-396.21,,,
TSLA,Tesla Inc,,2013,,10-K,2014-02-26,2011-12-31,204.24,,,-251.49,-254.41,,,,,,,224.04,-128.03,,,-124.56,-123.13,,
TSLA,Tesla Inc,,2013,,10-Q,2013-11-08,2012-09-30,106.92,,,-303.4,-306.28,,,,,,,,-228.59,,,-286.45,-283.75,,
TSLA,Tesla Inc,,2013,,10-Q,2013-05-10,2013-03-31,561.79,,,-5.58,11.25,0.1,0.0,1143.78,525.99,975.2,535.62,168.58,64.08,,,2.0,-0.99,0.98,85.26
TSLA,Tesla Inc,,2013,,10-Q,2013-08-09,2013-06-30,966.93,,,-17.38,-19.25,,,1887.84,1129.54,1258.42,486.55,629.43,25.89,,,-1.99,-1.8,2.32,66.66
TSLA,Tesla Inc,,2013,,10-Q,2013-05-10,2012-03-31,30.17,,,-88.76,-89.87,-0.86,-0.86,,,,,,-63.3,,,-297.92,-294.24,,
TSLA,Tesla Inc,,2012,,10-K,2013-03-07,2011-06-30,58.17,,,,-58.9,,,,,,,,,,,-101.26,,,
TSLA,Tesla Inc,,2012,,10-K,2013-03-07,2011-03-31,49.03,,,,-48.94,,,,,,,,,,,-99.82,,,
TSLA,Tesla Inc,,2012,,10-K,2013-03-07,2011-09-30,57.67,,,,-65.08,,,,,,,,,,,-112.85,,,
TSLA,Tesla Inc,,2012,,10-K,2013-03-07,2012-09-30,50.1,,,,-110.8,,,,,,,,,,,-221.15,,,
TSLA,Tesla Inc,,2012,,10-K,2013-03-07,2012-03-31,30.17,,,,-89.87,,,,,,,,,,,-297.92,,,
TSLA,Tesla Inc,,2012,,10-Q,2012-08-02,2012-06-30,56.82,,,-194.94,-195.48,,,776.87,317.13,714.65,286.53,62.22,-111.07,,,-344.03,-343.08,1.11,91.99
TSLA,Tesla Inc,,2012,,10-Q,2012-08-02,2011-06-30,107.2,,,-106.08,-107.84,,,,,,,,-65.78,,,-100.6,-98.96,,
TSLA,Tesla Inc,,2012,,10-Q,2012-05-10,2011-03-31,49.03,,,-47.35,-48.94,,,,,,,,-43.3,,,-99.82,-96.57,,
TSLA,Tesla Inc,,2012,,10-Q,2012-11-07,2011-09-30,164.87,,,-170.56,-172.92,,,,,,,,-87.28,,,-104.89,-103.45,,
TSLA,Tesla Inc,,2011,,10-Q,2011-11-14,2010-09-30,80.46,,,-95.19,-102.97,,,,,,,,-93.53,,,-127.98,-118.31,,
TSLA,Tesla Inc,,2011,,10-Q,2011-08-12,2010-06-30,49.22,,,-57.36,-68.04,,,,,,,,-47.58,,,-138.24,-116.55,,
